x,INCIDENT_ID_KS,latitude,longitude,max_area,fs_class,state,first_year,last_year,first_supp,last_supp,distinct_supp,first_suppbi,last_suppbi,first_unit,last_unit,first_imt,last_imt,sitfull.INCIDENT_ID_KS,sitfull.IMT_NUM,n,mode_imt
1,2008_ID-EIS-008020_MEADOW CREEK,43.515556,-111.678889,987,E,ID,2008,2008,FS,FS,1,FS,FS,State,State,Type 4 IC,Type 3 IC,2008_ID-EIS-008020_MEADOW CREEK,4,2,4
2,2008_ID-LEX-8336_4TH OF JULY,45.371111,-113.935556,330,E,ID,2008,2008,FS,FS,1,FS,FS,County & Local,County & Local,Type 3 Team,Type 4 IC,2008_ID-LEX-8336_4TH OF JULY,3,1,3
3,2008_ID-LEX-8336_4TH OF JULY,45.371111,-113.935556,330,E,ID,2008,2008,FS,FS,1,FS,FS,County & Local,County & Local,Type 3 Team,Type 4 IC,2008_ID-LEX-8336_4TH OF JULY,5,1,5
4,2008_ID-MCS-00042014_CHURCH CANYON,46.266667,-115.933611,800,E,ID,2008,2008,FS,FS,1,FS,FS,State,State,Type 4 IC,Type 2 Team,2008_ID-MCS-00042014_CHURCH CANYON,2,5,2
5,2008_ID-NPF-000035_RATTLESNAKE,46.068333,-114.866944,2600,F,ID,2008,2008,PZ,PZ,1,NFS,NFS,Federal,Federal,Type 3 IC,Type 4 IC,2008_ID-NPF-000035_RATTLESNAKE,4,3,4
6,2008_ID-NPF-000035_RATTLESNAKE,46.068333,-114.866944,2600,F,ID,2008,2008,PZ,PZ,1,NFS,NFS,Federal,Federal,Type 3 IC,Type 4 IC,2008_ID-NPF-000035_RATTLESNAKE,5,3,5
7,2008_ID-NPF-0076_PORCUPINE,45.720556,-115.098056,2350,F,ID,2008,2008,CC,CC,1,NFS,NFS,Federal,Federal,Type 3 Team,Type 4 IC,2008_ID-NPF-0076_PORCUPINE,3,5,3
8,2008_ID-PAF-008025_RUSH CREEK,44.986111,-114.988056,1435,F,ID,2008,2008,PZ,PZ,1,NFS,NFS,Federal,Federal,FUM2,Type 4 IC,2008_ID-PAF-008025_RUSH CREEK,4,3,4
9,2008_ID-PAF-008034_CABIN CREEK,45.143611,-114.928056,5500,G,ID,2008,2008,PZ,PZ,1,NFS,NFS,Federal,Federal,Type 4 IC,Type 4 IC,2008_ID-PAF-008034_CABIN CREEK,4,5,4
10,2008_ID-PAF-008053_WESTY,45.058889,-114.985833,7060,G,ID,2008,2008,PZ,PZ,1,NFS,NFS,Federal,Federal,FUM2,FUM2,2008_ID-PAF-008053_WESTY,10,3,10
11,2008_ID-PAF-008064_PEPPER,44.948889,-115.353333,137,D,ID,2008,2008,CC,CC,1,NFS,NFS,Federal,Federal,FUM2,FUM2,2008_ID-PAF-008064_PEPPER,10,3,10
12,2008_ID-SCF-8335_BORDER COMPLEX,45.505278,-114.593333,7137,G,ID,2008,2008,CC,CC,1,NFS,NFS,Federal,Federal,Type 3 IC,Type 3 IC,2008_ID-SCF-8335_BORDER COMPLEX,4,5,4
13,2008_ID-SJS-32011_HUME CREEK,47.080556,-116.613611,132,D,ID,2008,2008,FS,FS,1,FS,FS,State,State,Type 3 Team,Type 3 Team,2008_ID-SJS-32011_HUME CREEK,3,3,3
14,2008_ID-STF-001103_POLE CREEK,43.891111,-114.765556,559,E,ID,2008,2008,FS,FS,1,FS,FS,Federal,Federal,Type 3 Team,Type 4 IC,2008_ID-STF-001103_POLE CREEK,3,2,3
15,2008_MT-CES-061_BEAR GULCH,46.3325,-111.190556,755,E,MT,2008,2008,FS,FS,1,FS,FS,State,State,Type 3 Team,Type 2 Team,2008_MT-CES-061_BEAR GULCH,2,5,2
16,2008_MT-CES3-000403_CACTUS,45.872222,-112.297778,650,E,MT,2008,2008,FS,FS,1,FS,FS,State,State,Type 3 Team,Type 2 Team,2008_MT-CES3-000403_CACTUS,2,3,2
17,2008_MT-CNF-000505_CASCADE,45.173333,-109.439444,10173,G,MT,2008,2008,FS,FS,1,FS,FS,Federal,Federal,Unified Command,Type 3 Team,2008_MT-CNF-000505_CASCADE,1,11,1
18,2008_MT-CNF-000507_TUMBLE CREEK,45.351111,-110.035833,760,E,MT,2008,2008,FS,FS,1,FS,FS,Federal,Federal,Type 2 Team,Type 2 Team,2008_MT-CNF-000507_TUMBLE CREEK,2,6,2
19,2008_MT-FHA-224_DEEP DRAW,47.816667,-114.526389,2022,F,MT,2008,2008,FS,FS,1,FS,FS,Federal,Federal,Type 3 Team,Type 2 Team,2008_MT-FHA-224_DEEP DRAW,2,7,2
20,2008_MT-KNF-000074_PARMENTER,48.385,-115.600833,150,D,MT,2008,2008,FS,FS,1,FS,FS,Federal,Federal,Type 3 Team,Type 2 Team,2008_MT-KNF-000074_PARMENTER,2,3,2
21,2008_MT-LCF-008020_HARLEY,46.931389,-110.799722,167,D,MT,2008,2008,FS,FS,1,FS,FS,Federal,Federal,Type 3 Team,Type 3 Team,2008_MT-LCF-008020_HARLEY,3,8,3
22,2008_MT-LCF-008024_RUSSIAN FLATS,46.773056,-110.413056,743,E,MT,2008,2008,FS,FS,1,FS,FS,Federal,Federal,Type 2 Team,Type 4 IC,2008_MT-LCF-008024_RUSSIAN FLATS,2,7,2
23,2008_MT-NWS-000051_LINDBERGH LAKE,47.366389,-113.746944,104,D,MT,2008,2008,FS,FS,1,FS,FS,State,State,Type 3 IC,Type 3 IC,2008_MT-NWS-000051_LINDBERGH LAKE,4,5,4
24,2008_MT-RLR-000001_RED ROCKS,44.606389,-111.769444,760,E,MT,2008,2008,CC,CC,1,NFS,NFS,Federal,Federal,Type 4 IC,Type 4 IC,2008_MT-RLR-000001_RED ROCKS,5,2,5
25,2008_MT-SWS-000074_MT SENTINEL,46.833333,-113.984167,390,E,MT,2008,2008,FS,FS,1,FS,FS,State,State,Type 3 IC,Type 3 IC,2008_MT-SWS-000074_MT SENTINEL,4,3,4
26,2008_WA-COA-000166_ABRAHAM CANYON,48.387222,-118.296389,372,E,WA,2008,2008,FS,FS,1,FS,FS,Federal,Federal,Type 2 Team,Type 2 Team,2008_WA-COA-000166_ABRAHAM CANYON,2,8,2
27,2008_WA-COA-180_WILMONT,48.083333,-118.323611,154,D,WA,2008,2008,FS,FS,1,FS,FS,Federal,Federal,Type 4 IC,Type 2 Team,2008_WA-COA-180_WILMONT,2,4,2
28,2008_WA-COA-265_CAMP WILMONT,48.06075,-118.30225,437,E,WA,2008,2008,FS,FS,1,FS,FS,Federal,Federal,Type 4 IC,Type 4 IC,2008_WA-COA-265_CAMP WILMONT,5,4,5
29,2008_WA-NES-000378_SPOKANE VALLEY,47.636944,-117.320278,1006,F,WA,2008,2008,FS,FS,1,FS,FS,State,State,Type 2 Team,Type 3 Team,2008_WA-NES-000378_SPOKANE VALLEY,2,6,2
30,2008_WA-NES-358_CAYUSE FIRE,48.691944,-119.2,1778,F,WA,2008,2008,FS,FS,1,FS,FS,State,State,Type 2 Team,Type 3 Team,2008_WA-NES-358_CAYUSE FIRE,2,6,2
31,2008_WA-NES-412_DOYLE COMPLEX,48.792778,-118.167778,964.2,E,WA,2008,2008,FS,FS,1,FS,FS,State,State,Type 3 Team,Type 3 Team,2008_WA-NES-412_DOYLE COMPLEX,3,7,3
32,2008_WY-BTF-015_NEW FORK,43.105556,-109.910278,15089,G,WY,2008,2008,PZ,PZ,1,NFS,NFS,Federal,Federal,Type 3 Team,Type 4 IC,2008_WY-BTF-015_NEW FORK,3,10,3
33,2008_WY-SHF-000101_GUNBARREL,44.494722,-109.823611,67141,G,WY,2008,2008,CC,CC,1,NFS,NFS,Federal,Federal,FUMT,Type 3 Team,2008_WY-SHF-000101_GUNBARREL,1,7,1
34,2008_WY-YNP-00803_LE HARDY,44.591389,-110.385833,9762,G,WY,2008,2008,FS,FS,1,FS,FS,Federal,Federal,Type 3 Team,Type 3 IC,2008_WY-YNP-00803_LE HARDY,3,11,3
35,2009_ID-BOF-000390_EIGHTMILE CREEK,44.188611,-115.450556,1264,F,ID,2009,2009,CC,CC,1,NFS,NFS,Federal,Federal,NA,NA,2009_ID-BOF-000390_EIGHTMILE CREEK,NA,7,NA
36,2009_ID-BOF-000699_ABBY,43.9725,-115.4775,950,E,ID,2009,2009,CC,CC,1,NFS,NFS,Federal,Federal,NA,Type 3 IC,2009_ID-BOF-000699_ABBY,NA,4,NA
37,2009_ID-CTF-009052_MOOSE CREEK,43.553056,-110.998611,116,D,ID,2009,2009,CC,CC,1,NFS,NFS,Federal,Federal,FUM2,FUM2,2009_ID-CTF-009052_MOOSE CREEK,10,3,10
38,2009_ID-CWF-000096_MAUD,43.501389,-114.458056,443,E,ID,2009,2009,CC,CC,1,NFS,NFS,Federal,Federal,Type 3 IC,Type 3 IC,2009_ID-CWF-000096_MAUD,4,2,4
39,2009_ID-CWF-000394_ELK SUMMIT COMPLEX,46.305833,-114.699444,549,E,ID,2009,2009,CC,CC,1,NFS,NFS,Federal,Federal,NA,NA,2009_ID-CWF-000394_ELK SUMMIT COMPLEX,NA,4,NA
40,2009_ID-IPF-004023_NUGGET,47.193333,-115.596389,1534,F,ID,2009,2009,FS,FS,1,FS,FS,Federal,Federal,Type 3 Team,Type 3 Team,2009_ID-IPF-004023_NUGGET,5,7,5
41,2009_ID-IPF-1019_DECLARE INDEPENDENCE,47.9,-116.344167,116,D,ID,2009,2009,CC,CC,1,NFS,NFS,Federal,Federal,NA,NA,2009_ID-IPF-1019_DECLARE INDEPENDENCE,NA,2,NA
42,2009_ID-NPF-000082_BATTLE,46.247778,-114.688056,223,D,ID,2009,2009,CC,CC,1,NFS,NFS,Federal,Federal,Type 3 IC,Type 3 IC,2009_ID-NPF-000082_BATTLE,4,2,4
43,2009_ID-NPF-000146_CREW,46.170556,-114.841111,306,E,ID,2009,2009,CC,CC,1,NFS,NFS,Federal,Federal,Type 3 IC,Type 3 IC,2009_ID-NPF-000146_CREW,4,2,4
44,2009_ID-NPF-000148_SANDS,46.050556,-115.075278,318,E,ID,2009,2009,CC,CC,1,NFS,NFS,Federal,Federal,Type 3 IC,Type 3 IC,2009_ID-NPF-000148_SANDS,4,2,4
45,2009_ID-NPF-000149_WARM SPRINGS,45.8525,-114.954167,500,E,ID,2009,2009,CC,CC,1,NFS,NFS,Federal,Federal,Type 4 IC,Type 4 IC,2009_ID-NPF-000149_WARM SPRINGS,5,2,5
46,2009_ID-NPF-000152_SPOOK,45.909444,-115.078611,100,D,ID,2009,2009,CC,CC,1,NFS,NFS,Federal,Federal,Type 4 IC,Type 4 IC,2009_ID-NPF-000152_SPOOK,5,2,5
47,2009_ID-PAF-009_DIAMOND ROCK,45.174722,-115.905556,212,D,ID,2009,2009,CC,CC,1,NFS,NFS,Federal,Federal,Type 3 IC,Type 3 IC,2009_ID-PAF-009_DIAMOND ROCK,4,3,4
48,2009_ID-PAF-009033_NO NAME,44.838333,-115.783056,100,D,ID,2009,2009,CC,CC,1,NFS,NFS,Federal,Federal,Type 5 IC,Type 5 IC,2009_ID-PAF-009033_NO NAME,6,3,6
49,2009_ID-SCF-009178_GOODLUCK,44.993611,-114.154444,150,D,ID,2009,2009,FS,FS,1,FS,FS,Federal,Federal,Type 3 Team,Type 4 IC,2009_ID-SCF-009178_GOODLUCK,3,5,3
50,2009_MT-BDF-000026_BIELENBURG,46.288056,-112.963056,2000,F,MT,2009,2009,PZ,CC,2,NFS,NFS,Federal,Federal,Type 3 Team,Type 3 IC,2009_MT-BDF-000026_BIELENBURG,3,6,3
51,2009_MT-BDF-000026_BIELENBURG,46.288056,-112.963056,2000,F,MT,2009,2009,PZ,CC,2,NFS,NFS,Federal,Federal,Type 3 Team,Type 3 IC,2009_MT-BDF-000026_BIELENBURG,4,6,4
52,2009_MT-BDF-000041_LILY LAKE,45.623889,-113.316944,2200,F,MT,2009,2009,CC,CC,1,NFS,NFS,Federal,Federal,Type 3 IC,Type 3 IC,2009_MT-BDF-000041_LILY LAKE,4,11,4
53,2009_MT-BDF-000043_SAND BASIN,46.176667,-113.722778,305,E,MT,2009,2009,CC,CC,1,NFS,NFS,Federal,Federal,Type 3 IC,Type 3 IC,2009_MT-BDF-000043_SAND BASIN,4,4,4
54,2009_MT-BDF-000050_TABLE MOUNTAIN,46.063056,-113.716389,5400,G,MT,2009,2009,CC,CC,1,NFS,NFS,Federal,Federal,Type 3 IC,Type 3 IC,2009_MT-BDF-000050_TABLE MOUNTAIN,4,9,4
55,2009_MT-BRF-005112_KOOTENAI CREEK,46.5525,-114.235278,6990,G,MT,2009,2009,CC,PZ,2,NFS,NFS,Federal,Federal,Type 4 IC,Type 3 Team,2009_MT-BRF-005112_KOOTENAI CREEK,3,25,3
56,2009_MT-BRF-5138_BASIN,45.645556,-114.933056,120,D,MT,2009,2009,CC,CC,1,NFS,NFS,Federal,Federal,Type 4 IC,Type 4 IC,2009_MT-BRF-5138_BASIN,5,2,5
57,2009_MT-BRF-5173_BAD LUCK,45.905278,-114.764167,160,D,MT,2009,2009,CC,CC,1,NFS,NFS,Federal,Federal,Type 4 IC,Type 4 IC,2009_MT-BRF-5173_BAD LUCK,5,2,5
58,2009_MT-BRF-5175_TWIST,45.639722,-114.938889,120,D,MT,2009,2009,CC,CC,1,NFS,NFS,Federal,Federal,Type 4 IC,Type 4 IC,2009_MT-BRF-5175_TWIST,5,2,5
59,2009_MT-BRF-5176_EAGLE,45.840278,-114.893333,210,D,MT,2009,2009,CC,CC,1,NFS,NFS,Federal,Federal,Type 4 IC,Type 4 IC,2009_MT-BRF-5176_EAGLE,5,2,5
60,2009_MT-BRF-5183_SLIDE,45.605,-114.916389,1150,F,MT,2009,2009,CC,CC,1,NFS,NFS,Federal,Federal,Type 4 IC,Type 4 IC,2009_MT-BRF-5183_SLIDE,5,2,5
61,2009_MT-BRF-5198_GIRD END,46.246667,-113.887222,2514,F,MT,2009,2009,CC,CC,1,NFS,NFS,Federal,Federal,Type 4 IC,Type 4 IC,2009_MT-BRF-5198_GIRD END,5,4,5
62,2009_MT-CES-000076_NOBLE,46.750278,-111.947778,130,D,MT,2009,2009,FS,FS,1,FS,FS,State,State,Type 3 Team,Type 3 Team,2009_MT-CES-000076_NOBLE,3,2,3
63,2009_MT-CES-000501_FLAMING ARROW,45.136111,-111.103333,220,D,MT,2009,2009,FS,FS,1,FS,FS,State,State,Type 3 IC,Type 3 IC,2009_MT-CES-000501_FLAMING ARROW,4,3,4
64,2009_MT-CES-058_CHOKECHERRY,47.152222,-111.874167,145,D,MT,2009,2009,FS,FS,1,FS,FS,State,State,Type 3 Team,Type 3 Team,2009_MT-CES-058_CHOKECHERRY,3,3,3
65,2009_MT-CRA-0131_LITTLE PEOPLE,45.312778,-108.527778,126,D,MT,2009,2009,PZ,FS,3,NFS,FS,Federal,Federal,Type 3 IC,Type 3 IC,2009_MT-CRA-0131_LITTLE PEOPLE,4,6,4
66,2009_MT-FHA-187_SADDLE MTN 2,47.15,-114.166667,470,E,MT,2009,2009,FS,FS,1,FS,FS,Federal,Federal,Type 3 Team,Type 3 Team,2009_MT-FHA-187_SADDLE MTN 2,3,10,3
67,2009_MT-FNF-000033_GABE CREEK,47.415833,-113.319167,1903,F,MT,2009,2009,CC,CC,1,NFS,NFS,Federal,Federal,Type 4 IC,Type 4 IC,2009_MT-FNF-000033_GABE CREEK,5,3,5
68,2009_MT-FNF-000050_NINKO CREEK,48.870556,-114.595,662,E,MT,2009,2009,PZ,CC,2,NFS,NFS,Federal,Federal,Type 3 Team,Type 4 IC,2009_MT-FNF-000050_NINKO CREEK,3,4,3
69,2009_MT-FNF-000055_LOST CREEK,47.898611,-113.709722,650,E,MT,2009,2009,CC,CC,1,NFS,NFS,Federal,Federal,Type 4 IC,Type 4 IC,2009_MT-FNF-000055_LOST CREEK,5,3,5
70,2009_MT-FNF-52_BALDY,48.023333,-114.289167,246,D,MT,2009,2009,FS,FS,1,FS,FS,Federal,Federal,Type 3 Team,Type 3 Team,2009_MT-FNF-52_BALDY,3,4,3
71,2009_MT-HNF-00059_MACDONALD PASS,46.556667,-112.304167,300,E,MT,2009,2009,FS,FS,1,FS,FS,Federal,Federal,Type 3 Team,Type 2 Team,2009_MT-HNF-00059_MACDONALD PASS,2,3,2
72,2009_MT-KNF-000155_LAWRENCE MOUNTAIN,48.614167,-115.419444,2400,F,MT,2009,2009,CC,CC,1,NFS,NFS,Federal,Federal,Type 3 IC,Type 3 IC,2009_MT-KNF-000155_LAWRENCE MOUNTAIN,4,16,4
73,2009_MT-SWS-000818_COPPER CREEK,46.981667,-112.548889,109,D,MT,2009,2009,FS,FS,1,FS,FS,State,State,Type 3 Team,Type 3 Team,2009_MT-SWS-000818_COPPER CREEK,3,5,3
74,2009_WA-NES-1374_9 MILE BRIDGE,48.971944,-117.904722,115,D,WA,2009,2009,FS,FS,1,FS,FS,State,State,Type 3 Team,Type 3 Team,2009_WA-NES-1374_9 MILE BRIDGE,3,5,3
75,2009_WY-BTF-021_LITTLE BROWN,42.960278,-109.654722,100,D,WY,2009,2009,CC,CC,1,NFS,NFS,Federal,Federal,Type 4 IC,Type 4 IC,2009_WY-BTF-021_LITTLE BROWN,5,2,5
76,2009_WY-BTF-037_GUNSIGHT,43.633333,-110.2975,3257,F,WY,2009,2009,PZ,PZ,1,NFS,NFS,Federal,Federal,Type 3 IC,Type 4 IC,2009_WY-BTF-037_GUNSIGHT,2,2,2
77,2009_WY-BTF-037_GUNSIGHT,43.633333,-110.2975,3257,F,WY,2009,2009,PZ,PZ,1,NFS,NFS,Federal,Federal,Type 3 IC,Type 4 IC,2009_WY-BTF-037_GUNSIGHT,4,2,4
78,2009_WY-BTF-037_GUNSIGHT,43.633333,-110.2975,3257,F,WY,2009,2009,PZ,PZ,1,NFS,NFS,Federal,Federal,Type 3 IC,Type 4 IC,2009_WY-BTF-037_GUNSIGHT,5,2,5
79,2009_WY-GTP-9049_BEARPAW BAY,43.8425,-110.708889,2844,F,WY,2009,2009,CC,PZ,2,NFS,NFS,Federal,Federal,FUM2,Type 3 Team,2009_WY-GTP-9049_BEARPAW BAY,3,5,3
80,2009_WY-SHF-379_CASTLE,44.523333,-109.999722,350,E,WY,2009,2009,PZ,PZ,1,NFS,NFS,Federal,Federal,Type 4 IC,Type 4 IC,2009_WY-SHF-379_CASTLE,5,5,5
81,2009_WY-YNP-0912_BUTTE FIRE,44.904722,-110.188889,200,D,WY,2009,2009,CC,CC,1,NFS,NFS,Federal,Federal,Type 3 IC,Type 3 IC,2009_WY-YNP-0912_BUTTE FIRE,4,5,4
82,2009_WY-YNP-0920_ARNICA FIRE,44.533611,-110.540556,10700,G,WY,2009,2009,CC,CC,1,NFS,NFS,Federal,Federal,Type 3 IC,Type 3 IC,2009_WY-YNP-0920_ARNICA FIRE,4,8,4
83,2010_ID-BOF-000499_LITTLE BEAVER COMPLEX,44.445278,-115.524722,7298,G,ID,2010,2010,CC,CC,1,NFS,NFS,Federal,Federal,Type 3 IC,NA,2010_ID-BOF-000499_LITTLE BEAVER COMPLEX,NA,7,NA
84,2010_ID-BOF-000793_BOISE COMPLEX,44.091667,-115.953056,741,E,ID,2010,2010,FS,FS,1,FS,FS,Federal,Federal,Type 1 Team,NA,2010_ID-BOF-000793_BOISE COMPLEX,4,6,4
85,2010_ID-BOF-000814_WHITEHAWK COMPLEX,44.286944,-115.508056,1515,F,ID,2010,2010,FS,FS,2,FS,FS,Federal,Federal,Type 2 Team,NA,2010_ID-BOF-000814_WHITEHAWK COMPLEX,NA,13,NA
86,2010_ID-BOF-000890_CASTLE ROCK,43.330278,-115.289444,900,E,ID,2010,2010,FS,FS,1,FS,FS,Federal,Federal,Type 4 IC,Type 4 IC,2010_ID-BOF-000890_CASTLE ROCK,5,2,5
87,2010_ID-BOF-695_HURD,44.605556,-116.166389,1381,F,ID,2010,2010,FS,FS,1,FS,FS,Federal,Federal,Type 3 IC,Type 3 IC,2010_ID-BOF-695_HURD,2,10,2
88,2010_ID-CTF-010057_GIRAFFE CREEK,42.491389,-111.05,3536,F,ID,2010,2010,CC,CC,1,NFS,NFS,Federal,Federal,Type 4 IC,Type 3 IC,2010_ID-CTF-010057_GIRAFFE CREEK,5,10,5
89,2010_ID-CWF-000268_LARKINS COMPLEX,46.929167,-115.516389,2204.6,F,ID,2010,2010,CC,CC,1,NFS,NFS,Federal,Federal,SOPL,SOPL,2010_ID-CWF-000268_LARKINS COMPLEX,13,16,13
90,2010_ID-CWF-000371_DODGE,46.376389,-114.841389,1225,F,ID,2010,2010,CC,CC,1,NFS,NFS,Federal,Federal,Type 4 IC,Type 4 IC,2010_ID-CWF-000371_DODGE,5,14,5
91,2010_ID-IPF-004006_SAWTOOTH,46.981667,-115.505833,275,D,ID,2010,2010,CC,CC,1,NFS,NFS,Federal,Federal,Type 4 IC,Type 3 IC,2010_ID-IPF-004006_SAWTOOTH,4,9,4
92,2010_ID-IPF-004008_NEEDLE,47.05,-115.252222,150,D,ID,2010,2010,CC,CC,1,NFS,NFS,Federal,Federal,Type 4 IC,Type 3 IC,2010_ID-IPF-004008_NEEDLE,4,9,4
93,2010_ID-IPF-04012_FOEHL,46.958306,-115.705111,132,D,ID,2010,2010,CC,CC,1,NFS,NFS,Federal,Federal,Type 5 IC,Type 3 IC,2010_ID-IPF-04012_FOEHL,4,8,4
94,2010_ID-NPF-000262_SOUTH TROUT,46.1525,-114.852778,140,D,ID,2010,2010,CC,CC,1,NFS,NFS,Federal,Federal,Type 4 IC,Type 4 IC,2010_ID-NPF-000262_SOUTH TROUT,5,12,5
95,2010_ID-NPF-000456_DOUBLE CREEK,46.231667,-114.838333,142,D,ID,2010,2010,CC,CC,1,NFS,NFS,Federal,Federal,Type 4 IC,Type 4 IC,2010_ID-NPF-000456_DOUBLE CREEK,5,9,5
96,2010_ID-NPF-000493_LITTLE BOULDER,45.933889,-115.310833,161,D,ID,2010,2010,CC,CC,1,NFS,NFS,Federal,Federal,Type 4 IC,Type 4 IC,2010_ID-NPF-000493_LITTLE BOULDER,5,9,5
97,2010_ID-NPF-000502_CACHE,45.675833,-115.176944,500,E,ID,2010,2010,CC,CC,1,NFS,NFS,Federal,Federal,Type 3 Team,Type 4 IC,2010_ID-NPF-000502_CACHE,5,6,5
98,2010_ID-PAF-010013_COPPER,45.168889,-115.151944,409,E,ID,2010,2010,CC,CC,1,NFS,NFS,Federal,Federal,Type 4 IC,Type 4 IC,2010_ID-PAF-010013_COPPER,5,9,5
99,2010_ID-PDS-041008_PINE CREEK,46.523333,-116.601944,670,E,ID,2010,2010,FS,FS,1,FS,FS,State,State,Type 3 Team,Type 3 Team,2010_ID-PDS-041008_PINE CREEK,3,3,3
100,2010_ID-SCF-010169_BIGHORN,45.101111,-114.739722,1128,F,ID,2010,2010,CC,PZ,2,NFS,NFS,Federal,Federal,Type 4 IC,Type 4 IC,2010_ID-SCF-010169_BIGHORN,5,9,5
101,2010_ID-SCF-010201_SPRING,45.425,-114.272778,160,D,ID,2010,2010,FS,FS,1,FS,FS,Federal,Federal,Type 3 Team,Type 4 IC,2010_ID-SCF-010201_SPRING,3,4,3
102,2010_ID-SCF-010418_RIVER BREAKS,45.376667,-114,1862,F,ID,2010,2010,FS,FS,1,FS,FS,Federal,Federal,Type 3 Team,Type 4 IC,2010_ID-SCF-010418_RIVER BREAKS,8,5,8
103,2010_ID-SCF-10293_BANNER,44.380278,-115.209722,2388,F,ID,2010,2010,FS,PZ,2,FS,NFS,Federal,Federal,Type 3 Team,Type 4 IC,2010_ID-SCF-10293_BANNER,2,6,2
104,2010_ID-SCF-10293_BANNER,44.380278,-115.209722,2388,F,ID,2010,2010,FS,PZ,2,FS,NFS,Federal,Federal,Type 3 Team,Type 4 IC,2010_ID-SCF-10293_BANNER,5,6,5
105,2010_ID-STF-000336_DEER PARK,43.528889,-115.061667,10059,G,ID,2010,2010,FS,FS,1,FS,FS,Federal,Federal,Type 3 IC,Type 4 IC,2010_ID-STF-000336_DEER PARK,5,13,5
106,2010_ID-SWS-000748_COTTONWOOD,43.816111,-116.126944,1100,F,ID,2010,2010,FS,FS,1,FS,FS,State,State,Type 4 IC,Type 4 IC,2010_ID-SWS-000748_COTTONWOOD,5,4,5
107,2010_ID-SWS-000749_HARRIS COMPLEX,43.874722,-116.105278,2122,F,ID,2010,2010,FS,FS,1,FS,FS,State,State,Type 3 IC,NA,2010_ID-SWS-000749_HARRIS COMPLEX,2,6,2
108,2010_MT-BRF-005298_DOWNING MTN,46.241667,-114.250278,412,E,MT,2010,2010,PZ,PZ,1,NFS,NFS,Federal,Federal,Type 2 Team,Type 4 IC,2010_MT-BRF-005298_DOWNING MTN,2,6,2
109,2010_MT-BRF-5250_DOMINIC POINT,46.324444,-113.941389,897,E,MT,2010,2010,PZ,PZ,1,NFS,NFS,Federal,Federal,Type 3 IC,Type 3 IC,2010_MT-BRF-5250_DOMINIC POINT,4,10,4
110,2010_MT-CES-0029_NORTH FORK,47.115556,-111.829167,310,E,MT,2010,2010,FS,FS,1,FS,FS,State,State,Type 3 Team,Type 3 Team,2010_MT-CES-0029_NORTH FORK,3,5,3
111,2010_MT-CES-014_NORTH LYONS CREEK,46.960833,-112.116111,104,D,MT,2010,2010,FS,FS,1,FS,FS,State,State,NA,NA,2010_MT-CES-014_NORTH LYONS CREEK,NA,2,NA
112,2010_MT-FHA-121_CUTOFF,47.341389,-114.461944,752,E,MT,2010,2010,FS,FS,1,FS,FS,Federal,Federal,Type 3 IC,Type 3 IC,2010_MT-FHA-121_CUTOFF,4,5,4
113,2010_MT-FNF-000007_CARDINAL CREEK,48.243889,-115.0125,2127,F,MT,2010,2010,PZ,CC,2,NFS,NFS,Federal,Federal,Type 4 IC,NA,2010_MT-FNF-000007_CARDINAL CREEK,NA,7,NA
114,2010_MT-HNF-000008_LAKESIDE,46.660278,-111.770556,855,E,MT,2010,2010,FS,FS,1,FS,FS,Federal,Federal,Type 3 Team,Type 3 Team,2010_MT-HNF-000008_LAKESIDE,3,4,3
115,2010_MT-HNF-00032_DAVIS,46.892222,-112.498889,2800,F,MT,2010,2010,FS,FS,1,FS,FS,Federal,Federal,Type 2 Team,Type 2 Team,2010_MT-HNF-00032_DAVIS,2,10,2
116,2010_MT-LNF-000574_PACKER MEADOWS,46.653056,-114.538889,150,D,MT,2010,2010,FS,FS,1,FS,FS,Federal,Federal,Type 3 Team,Type 5 IC,2010_MT-LNF-000574_PACKER MEADOWS,3,8,3
117,2010_MT-LNF-005057_SIEGEL FIRE,47.310278,-114.806389,140,D,MT,2010,2010,FS,CC,2,FS,NFS,Federal,Federal,Type 3 Team,Type 3 IC,2010_MT-LNF-005057_SIEGEL FIRE,3,11,3
118,2010_MT-LNF-0838_ALDER CREEK,46.437778,-113.850833,781,E,MT,2010,2010,PZ,PZ,1,NFS,NFS,Federal,Federal,Type 3 IC,Type 3 IC,2010_MT-LNF-0838_ALDER CREEK,4,9,4
119,2010_WA-NES-000711_SLIDE CREEK FIRE,48.431111,-117.84,989,E,WA,2010,2010,FS,FS,1,FS,FS,State,State,Type 2 Team,Type 2 Team,2010_WA-NES-000711_SLIDE CREEK FIRE,2,6,2
120,2010_WA-NES-707_FISH HATCHERY,48.675556,-118.649722,667,E,WA,2010,2010,FS,FS,1,FS,FS,State,State,Type 3 Team,Type 3 Team,2010_WA-NES-707_FISH HATCHERY,2,5,2
121,2010_WA-SPA-000001_LINE FIRE,47.835,-117.936667,948,E,WA,2010,2010,PZ,FS,2,NFS,FS,Federal,Federal,Type 3 IC,Type 2 Team,2010_WA-SPA-000001_LINE FIRE,2,5,2
122,2010_WY-BTF-022_BULL,43.328056,-110.578889,5429,G,WY,2010,2010,CC,CC,1,NFS,NFS,Federal,Federal,Type 4 IC,Type 4 IC,2010_WY-BTF-022_BULL,5,16,5
123,2010_WY-BTF-042_GRAVEL,43.972222,-110.317222,1144,F,WY,2010,2010,CC,CC,1,NFS,NFS,Federal,Federal,Type 4 IC,Type 4 IC,2010_WY-BTF-042_GRAVEL,5,11,5
124,2010_WY-BTF-043_CRYSTAL,43.502222,-110.404444,541,E,WY,2010,2010,CC,CC,1,NFS,NFS,Federal,Federal,Type 5 IC,Type 4 IC,2010_WY-BTF-043_CRYSTAL,6,6,6
125,2010_WY-BTF-060_BUNKER,43.400278,-110.475556,176,D,WY,2010,2010,CC,CC,1,NFS,NFS,Federal,Federal,Type 5 IC,Type 4 IC,2010_WY-BTF-060_BUNKER,5,4,5
126,2010_WY-SHF-310_NORTH FORK,42.811667,-109.126944,330,E,WY,2010,2010,CC,FS,2,NFS,FS,Federal,Federal,Type 3 Team,Type 4 IC,2010_WY-SHF-310_NORTH FORK,3,8,3
127,2010_WY-YNP-1004_BEACH,44.515,-110.5725,520,E,WY,2010,2010,FS,FS,1,FS,FS,Federal,Federal,Type 3 IC,Type 4 IC,2010_WY-YNP-1004_BEACH,5,11,5
128,2010_WY-YNP-1007_ARTHUR 2,44.4675,-110.032222,218,D,WY,2010,2010,CC,CC,1,NFS,NFS,Federal,Federal,Type 3 Team,Type 3 IC,2010_WY-YNP-1007_ARTHUR 2,2,2,2
129,2010_WY-YNP-1007_ARTHUR 2,44.4675,-110.032222,218,D,WY,2010,2010,CC,CC,1,NFS,NFS,Federal,Federal,Type 3 Team,Type 3 IC,2010_WY-YNP-1007_ARTHUR 2,3,2,3
130,2010_WY-YNP-1007_ARTHUR 2,44.4675,-110.032222,218,D,WY,2010,2010,CC,CC,1,NFS,NFS,Federal,Federal,Type 3 Team,Type 3 IC,2010_WY-YNP-1007_ARTHUR 2,4,2,4
131,2010_WY-YNP-1011_ANTELOPE,44.841667,-110.370278,5510,G,WY,2010,2010,CC,CC,1,NFS,NFS,Federal,Federal,Type 3 IC,Type 3 IC,2010_WY-YNP-1011_ANTELOPE,4,8,4
132,2011_ID-BOD-000687_HOG,44.125278,-115.7575,1173,F,ID,2011,2011,FS,FS,1,FS,FS,Federal,Federal,Type 4 IC,Type 3 IC,2011_ID-BOD-000687_HOG,4,1,4
133,2011_ID-BOD-000687_HOG,44.125278,-115.7575,1173,F,ID,2011,2011,FS,FS,1,FS,FS,Federal,Federal,Type 4 IC,Type 3 IC,2011_ID-BOD-000687_HOG,5,1,5
134,2011_ID-BOF-000464_CASTRO,44.208611,-115.3575,4853,F,ID,2011,2011,CC,CC,1,NFS,NFS,Federal,Federal,Type 4 IC,Type 4 IC,2011_ID-BOF-000464_CASTRO,4,21,4
135,2011_ID-CTF-011019_WILLOW CANYON,44.398056,-112.925556,369,E,ID,2011,2011,CC,CC,1,NFS,NFS,Federal,Federal,Type 4 IC,Type 4 IC,2011_ID-CTF-011019_WILLOW CANYON,5,9,5
136,2011_ID-CWF-000312_LIZ BUTTE,46.456944,-115.328611,1045,F,ID,2011,2011,CC,CC,1,NFS,NFS,Federal,Federal,SOPL,SOPL,2011_ID-CWF-000312_LIZ BUTTE,13,9,13
137,2011_ID-CWF-000378_STORM COMPLEX,46.483611,-114.504722,4500,F,ID,2011,2011,CC,CC,1,NFS,NFS,Federal,Federal,SOPL,SOPL,2011_ID-CWF-000378_STORM COMPLEX,13,15,13
138,2011_ID-CWF-000419_WILLIAMS RANGE COMPLEX,46.610278,-114.818333,700,E,ID,2011,2011,CC,CC,1,NFS,NFS,Federal,Federal,SOPL,SOPL,2011_ID-CWF-000419_WILLIAMS RANGE COMPLEX,13,6,13
139,2011_ID-CWF-000552_COOLWATER COMPLEX,46.183333,-115.533333,219,D,ID,2011,2011,CC,CC,1,NFS,NFS,Federal,Federal,SOPL,SOPL,2011_ID-CWF-000552_COOLWATER COMPLEX,13,6,13
140,2011_ID-CWF-000621_FRIDAY RIDGE,46.358333,-114.755556,1100,F,ID,2011,2011,CC,CC,1,NFS,NFS,Federal,Federal,Type 4 IC,Type 4 IC,2011_ID-CWF-000621_FRIDAY RIDGE,5,5,5
141,2011_ID-CWF-476_WEST SISTER COMPLEX,46.867778,-115.552222,769.2,E,ID,2011,2011,CC,CC,1,NFS,NFS,Federal,Federal,SOPL,SOPL,2011_ID-CWF-476_WEST SISTER COMPLEX,13,7,13
142,2011_ID-CWF-504_NUB,46.850556,-115.450556,150,D,ID,2011,2011,CC,CC,1,NFS,NFS,Federal,Federal,SOPL,SOPL,2011_ID-CWF-504_NUB,13,6,13
143,2011_ID-IPF-004019_MOSQUITO,47.126389,-115.460833,151,D,ID,2011,2011,CC,CC,1,NFS,NFS,Federal,Federal,Type 5 IC,Type 5 IC,2011_ID-IPF-004019_MOSQUITO,6,8,6
144,2011_ID-IPF-004020_RED IVES PK.,47.048333,-115.292222,100,D,ID,2011,2011,CC,CC,1,NFS,NFS,Federal,Federal,Type 5 IC,Type 5 IC,2011_ID-IPF-004020_RED IVES PK.,6,7,6
145,2011_ID-IPF-004024_FLYING BEAVER,47.081944,-115.430833,139,D,ID,2011,2011,CC,CC,1,NFS,NFS,Federal,Federal,Type 5 IC,Type 5 IC,2011_ID-IPF-004024_FLYING BEAVER,6,4,6
146,2011_ID-IPF-007007_BIRTHDAY,48.825556,-116.729167,802,E,ID,2011,2011,CC,CC,2,NFS,NFS,Federal,Federal,Type 4 IC,Type 4 IC,2011_ID-IPF-007007_BIRTHDAY,2,7,2
147,2011_ID-NPF-000242_OTTER,46.038333,-115.219722,4609,F,ID,2011,2011,CC,CC,1,NFS,NFS,Federal,Federal,Type 4 IC,Type 4 IC,2011_ID-NPF-000242_OTTER,4,9,4
148,2011_ID-NPF-000284_VAN CREEK,45.462778,-116.156389,375,E,ID,2011,2011,FS,FS,1,FS,FS,Federal,Federal,Type 3 IC,Type 3 IC,2011_ID-NPF-000284_VAN CREEK,4,6,4
149,2011_ID-NPF-000414_PARADISE,46.043611,-114.649444,377,E,ID,2011,2011,CC,CC,1,NFS,NFS,Federal,Federal,Type 4 IC,Type 4 IC,2011_ID-NPF-000414_PARADISE,5,10,5
150,2011_ID-NPF-305_EAST FORK,45.834722,-115.03,9990,G,ID,2011,2011,CC,CC,1,NFS,NFS,Federal,Federal,Type 5 IC,Type 4 IC,2011_ID-NPF-305_EAST FORK,5,8,5
151,2011_ID-PAF-011065_BURNT KNOB,45.4825,-115.2775,490,E,ID,2011,2011,CC,CC,1,NFS,NFS,Federal,Federal,Type 5 IC,Type 5 IC,2011_ID-PAF-011065_BURNT KNOB,6,6,6
152,2011_ID-PAF-011078_BLACK COUGAR,44.815556,-115.795,460,E,ID,2011,2011,CC,CC,1,NFS,NFS,Federal,Federal,Type 5 IC,Type 5 IC,2011_ID-PAF-011078_BLACK COUGAR,6,5,6
153,2011_ID-SCF-011166_VELVET,44.578056,-115.249722,3001,F,ID,2011,2011,CC,CC,1,NFS,NFS,Federal,Federal,Type 3 IC,Type 4 IC,2011_ID-SCF-011166_VELVET,5,10,5
154,2011_ID-SCF-011175_SADDLE COMPLEX,45.516667,-114.510833,16834,G,ID,2011,2011,PZ,PZ,2,NFS,NFS,Federal,Federal,Type 1 Team,Type 3 IC,2011_ID-SCF-011175_SADDLE COMPLEX,3,32,3
155,2011_ID-SCF-011202_SALT,44.982778,-114.236389,24501,G,ID,2011,2011,FS,FS,1,FS,FS,Federal,Federal,Type 3 IC,Type 3 IC,2011_ID-SCF-011202_SALT,1,18,1
156,2011_ID-SCF-011205_SHIP ISLAND,45.164444,-114.670278,2820,F,ID,2011,2011,CC,CC,1,NFS,NFS,Federal,Federal,Type 3 Team,Type 3 IC,2011_ID-SCF-011205_SHIP ISLAND,3,6,3
157,2011_ID-SCF-011236_BLACK CANYON,43.907778,-112.973056,2397,F,ID,2011,2011,FS,FS,1,FS,FS,Federal,Federal,Type 3 IC,Type 4 IC,2011_ID-SCF-011236_BLACK CANYON,5,6,5
158,2011_ID-SCF-11089_INDIAN,45.422222,-114.15,1694,F,ID,2011,2011,FS,FS,1,FS,FS,Federal,Federal,Type 3 Team,Type 4 IC,2011_ID-SCF-11089_INDIAN,2,11,2
159,2011_MT-BDF-000059_COPPER MOUNTAIN,45.963056,-113.605833,1167,F,MT,2011,2011,CC,CC,1,NFS,NFS,Federal,Federal,Type 3 IC,Type 4 IC,2011_MT-BDF-000059_COPPER MOUNTAIN,4,18,4
160,2011_MT-BDF-00037_LUTZ,46.206944,-113.676944,5606,G,MT,2011,2011,CC,CC,1,NFS,NFS,Federal,Federal,Type 3 IC,Type 4 IC,2011_MT-BDF-00037_LUTZ,4,29,4
161,2011_MT-BDF-052_STEWART FIRE,45.551389,-113.315833,4302,F,MT,2011,2011,CC,CC,2,NFS,NFS,Federal,Federal,Type 4 IC,Type 4 IC,2011_MT-BDF-052_STEWART FIRE,2,14,2
162,2011_MT-BRF-000207_SADDLE - BITTERROOT BRANCH,45.55,-114.45,22097,G,MT,2011,2011,PZ,PZ,1,NFS,NFS,Federal,Federal,Type 3 Team,Type 4 IC,2011_MT-BRF-000207_SADDLE - BITTERROOT BRANCH,2,25,2
163,2011_MT-BRF-005402_FORTY ONE COMPLEX,46.118611,-113.765556,15293,G,MT,2011,2011,CC,PZ,2,NFS,NFS,Federal,Federal,SOPL,Type 4 IC,2011_MT-BRF-005402_FORTY ONE COMPLEX,1,11,1
164,2011_MT-BRF-5399_HELLS HALF COMPLEX,45.675,-114.695,2400,F,MT,2011,2011,CC,CC,1,NFS,NFS,Federal,Federal,Type 4 IC,Type 4 IC,2011_MT-BRF-5399_HELLS HALF COMPLEX,5,11,5
165,2011_MT-CES-000412_MELROSE,45.502778,-112.535278,2572,F,MT,2011,2011,FS,FS,1,FS,FS,State,State,Unified Command,Unified Command,2011_MT-CES-000412_MELROSE,12,3,12
166,2011_MT-FNF-000026_BIG SALMON LAKE,47.518889,-113.410833,5491,G,MT,2011,2011,PZ,PZ,1,NFS,NFS,Federal,Federal,Type 4 IC,NA,2011_MT-FNF-000026_BIG SALMON LAKE,4,12,4
167,2011_MT-FNF-000042_STADLER CREEK,47.421389,-113.050833,585,E,MT,2011,2011,CC,CC,1,NFS,NFS,Federal,Federal,SOPL,NA,2011_MT-FNF-000042_STADLER CREEK,NA,4,NA
168,2011_MT-FNF-000045_UPPER AYRES,47.430278,-113.002778,183,D,MT,2011,2011,CC,CC,1,NFS,NFS,Federal,Federal,Type 3 IC,NA,2011_MT-FNF-000045_UPPER AYRES,NA,4,NA
169,2011_MT-FNF-000047_CLACK CREEK,47.946944,-113.102778,159,D,MT,2011,2011,CC,CC,1,NFS,NFS,Federal,Federal,SOPL,NA,2011_MT-FNF-000047_CLACK CREEK,13,3,13
170,2011_MT-FNF-000047_CLACK CREEK,47.946944,-113.102778,159,D,MT,2011,2011,CC,CC,1,NFS,NFS,Federal,Federal,SOPL,NA,2011_MT-FNF-000047_CLACK CREEK,NA,3,NA
171,2011_MT-FNF-000375_PUZZLE,48.209167,-113.237222,2183,F,MT,2011,2011,CC,CC,1,NFS,NFS,Federal,Federal,Type 3 IC,Type 3 IC,2011_MT-FNF-000375_PUZZLE,4,5,4
172,2011_MT-FNF-008_HAMMER CREEK,47.518333,-113.281111,6314,G,MT,2011,2011,PZ,PZ,1,NFS,NFS,Federal,Federal,Type 4 IC,NA,2011_MT-FNF-008_HAMMER CREEK,4,14,4
173,2011_MT-GNF-000040_BULL,45.047222,-110.439444,2100,F,MT,2011,2011,PZ,CC,2,NFS,NFS,Federal,Federal,Type 4 IC,Type 5 IC,2011_MT-GNF-000040_BULL,4,10,4
174,2011_MT-GNF-000040_BULL,45.047222,-110.439444,2100,F,MT,2011,2011,PZ,CC,2,NFS,NFS,Federal,Federal,Type 4 IC,Type 5 IC,2011_MT-GNF-000040_BULL,5,10,5
175,2011_MT-HNF-061_ARRASTRA MOUNTAIN,47.019444,-112.857778,598,E,MT,2011,2011,PZ,PZ,1,NFS,NFS,Federal,Federal,Type 3 IC,Type 3 IC,2011_MT-HNF-061_ARRASTRA MOUNTAIN,4,2,4
176,2011_MT-LCF-001054_BALD BEAR,47.297222,-112.720556,725,E,MT,2011,2011,PZ,PZ,1,NFS,NFS,Federal,Federal,Type 4 IC,Type 4 IC,2011_MT-LCF-001054_BALD BEAR,5,12,5
177,2011_MT-LCF-001065_TAYLOR HILLS,46.9875,-111.024444,819,E,MT,2011,2011,CC,CC,1,NFS,NFS,Federal,Federal,Type 4 IC,Type 4 IC,2011_MT-LCF-001065_TAYLOR HILLS,4,10,4
178,2011_MT-LNF-0000924_GRANITE PASS,46.651944,-114.633611,800,E,MT,2011,2011,FS,FS,1,FS,FS,Federal,Federal,Type 3 Team,Type 3 Team,2011_MT-LNF-0000924_GRANITE PASS,2,6,2
179,2011_MT-LNF-001183_CRATER CREEK,46.946944,-114.870278,200,D,MT,2011,2011,CC,CC,1,NFS,NFS,Federal,Federal,Type 3 IC,Type 3 IC,2011_MT-LNF-001183_CRATER CREEK,4,5,4
180,2011_MT-NWS-000054_SOUTH FORK LOST CREEK,47.866389,-113.716389,2125,F,MT,2011,2011,CC,CC,1,NFS,NFS,State,State,Type 3 IC,Type 3 IC,2011_MT-NWS-000054_SOUTH FORK LOST CREEK,4,10,4
181,2011_MT-NWS-000514_ARIANA 2,48.250833,-115.246944,200,D,MT,2011,2011,FS,FS,1,FS,FS,State,State,Type 3 Team,Type 2 Team,2011_MT-NWS-000514_ARIANA 2,2,5,2
182,2011_MT-SWS-000056_WEST RIVERSIDE,46.716111,-113.888056,3800,F,MT,2011,2011,FS,FS,1,FS,FS,State,State,Type 3 IC,Type 5 IC,2011_MT-SWS-000056_WEST RIVERSIDE,2,18,2
183,2011_WA-COA-0085_KWEI KWEI CREEK,47.971944,-118.8375,652,E,WA,2011,2011,FS,FS,1,FS,FS,Federal,Federal,Type 4 IC,Type 4 IC,2011_WA-COA-0085_KWEI KWEI CREEK,5,2,5
184,2011_WA-NES-498_MARYLS ROAD,48.713889,-119.111111,408,E,WA,2011,2011,FS,FS,1,FS,FS,State,State,Type 3 Team,Type 3 Team,2011_WA-NES-498_MARYLS ROAD,3,3,3
185,2011_WY-BHF-390_RESERVOIR,44.521111,-107.421389,2225,F,WY,2011,2011,PZ,PZ,1,NFS,NFS,Federal,Federal,NA,Type 5 IC,2011_WY-BHF-390_RESERVOIR,5,8,5
186,2011_WY-BTF-00021_ASPEN CREEK,42.640833,-109.313333,180,D,WY,2011,2011,PZ,PZ,1,NFS,NFS,Federal,Federal,SOPL,SOPL,2011_WY-BTF-00021_ASPEN CREEK,13,9,13
187,2011_WY-BTF-004_RED ROCK COMPLEX,43.562778,-110.395278,12138,G,WY,2011,2011,CC,CC,1,NFS,NFS,Federal,Federal,Type 3 Team,Type 4 IC,2011_WY-BTF-004_RED ROCK COMPLEX,3,37,3
188,2011_WY-BTF-008_VAIL,42.983333,-110.655556,103,D,WY,2011,2011,PZ,PZ,1,NFS,NFS,Federal,Federal,Type 4 IC,Type 5 IC,2011_WY-BTF-008_VAIL,6,6,6
189,2011_WY-BTF-011_NOWLIN,43.884722,-110.107222,4686,F,WY,2011,2011,CC,CC,1,NFS,NFS,Federal,Federal,Type 4 IC,Type 4 IC,2011_WY-BTF-011_NOWLIN,5,18,5
190,2011_WY-BTF-027_SOUTH HORSE CREEK,42.883611,-110.511667,181,D,WY,2011,2011,PZ,PZ,1,NFS,NFS,Federal,Federal,Type 4 IC,Type 4 IC,2011_WY-BTF-027_SOUTH HORSE CREEK,5,7,5
191,2011_WY-SHF-200_NORTON POINT,43.814722,-109.557778,24232,G,WY,2011,2011,PZ,PZ,1,NFS,NFS,Federal,Federal,Type 4 IC,Type 4 IC,2011_WY-SHF-200_NORTON POINT,5,31,5
192,2011_WY-SHF-317_HOLE IN THE WALL,44.952778,-109.309444,6343,G,WY,2011,2011,PZ,PZ,1,NFS,NFS,Federal,Federal,Type 3 Team,Type 4 IC,2011_WY-SHF-317_HOLE IN THE WALL,3,13,3
193,2011_WY-SHF-320_WARM SPRINGS,43.534722,-109.723056,807,E,WY,2011,2011,FS,FS,1,FS,FS,Federal,Federal,Type 3 IC,Type 3 Team,2011_WY-SHF-320_WARM SPRINGS,3,3,3
194,2011_WY-WEX-110436_WHOOPUP,43.701111,-104.105278,10675,G,WY,2011,2011,FS,FS,1,FS,FS,County & Local,County & Local,Type 3 Team,Type 2 Team,2011_WY-WEX-110436_WHOOPUP,2,8,2
195,2011_WY-YNP-000010_HEART COMPLEX,44.288611,-110.476389,1902.3,F,WY,2011,2011,CC,CC,1,NFS,NFS,Federal,Federal,Type 3 IC,Type 3 IC,2011_WY-YNP-000010_HEART COMPLEX,4,4,4
196,2012_ID-BOD-000632_POLE,43.486389,-115.949722,900,E,ID,2012,2012,FS,FS,1,FS,FS,Federal,Federal,Type 3 IC,Type 3 IC,2012_ID-BOD-000632_POLE,4,4,4
197,2012_ID-BOF-000628_TRINITY RIDGE,43.711944,-115.368889,146832,G,ID,2012,2012,FS,FS,1,FS,FS,Federal,Federal,Type 3 IC,NA,2012_ID-BOF-000628_TRINITY RIDGE,1,33,1
198,2012_ID-BOF-000646_SPRINGS,44.090833,-116.0525,6150,G,ID,2012,2012,FS,FS,1,FS,FS,Federal,Federal,Type 3 IC,Type 3 IC,2012_ID-BOF-000646_SPRINGS,1,10,1
199,2012_ID-CTS-000396_STEEP CORNER,45.836667,-115.651111,310,E,ID,2012,2012,FS,FS,1,FS,FS,State,State,Type 2 Team,Type 3 Team,2012_ID-CTS-000396_STEEP CORNER,2,13,2
200,2012_ID-CWF-000482_WEASEL COMPLEX,46.631667,-114.913611,1034,F,ID,2012,2012,PZ,PZ,1,NFS,NFS,Federal,Federal,Type 4 IC,Type 4 IC,2012_ID-CWF-000482_WEASEL COMPLEX,5,13,5
201,2012_ID-CWF-000514_CLIFF,46.293611,-115.156111,960,E,ID,2012,2012,PZ,PZ,1,NFS,NFS,Federal,Federal,Type 4 IC,Type 4 IC,2012_ID-CWF-000514_CLIFF,5,9,5
202,2012_ID-CWF-000625_ISABELLA COMPLEX,46.901389,-115.567222,2172,F,ID,2012,2012,PZ,MM,2,NFS,NFS,Federal,Federal,Type 3 IC,Type 3 IC,2012_ID-CWF-000625_ISABELLA COMPLEX,4,10,4
203,2012_ID-CWF-000631_SKULL,46.853056,-115.445278,921,E,ID,2012,2012,PZ,MM,2,NFS,NFS,Federal,Federal,Type 3 IC,Type 4 IC,2012_ID-CWF-000631_SKULL,5,5,5
204,2012_ID-CWF-000632_ELIZABETH,46.784444,-115.235278,1960,F,ID,2012,2012,PZ,PZ,1,NFS,NFS,Federal,Federal,Type 4 IC,Type 4 IC,2012_ID-CWF-000632_ELIZABETH,5,9,5
205,2012_ID-CWF-281_FERN,46.426111,-114.506389,659,E,ID,2012,2012,PZ,PZ,1,NFS,NFS,Federal,Federal,NA,NA,2012_ID-CWF-281_FERN,NA,2,NA
206,2012_ID-CWF-294_POWELL SBW EAST COMPLEX,46.373889,-114.547778,21605,G,ID,2012,2012,PZ,PZ,1,NFS,NFS,Federal,Federal,Type 3 IC,Type 3 IC,2012_ID-CWF-294_POWELL SBW EAST COMPLEX,4,13,4
207,2012_ID-CWF-377_POWELL SBW WEST COMPLEX,46.430833,-114.924722,4526.3,F,ID,2012,2012,PZ,PZ,1,NFS,NFS,Federal,Federal,Type 3 Team,Type 3 IC,2012_ID-CWF-377_POWELL SBW WEST COMPLEX,4,6,4
208,2012_ID-CWF-545_POWELL SBW COMPLEX,46.376389,-114.9425,67611,G,ID,2012,2012,PZ,PZ,1,NFS,NFS,Federal,Federal,Type 2 Team,Type 4 IC,2012_ID-CWF-545_POWELL SBW COMPLEX,3,31,3
209,2012_ID-LEX-012127_TENMILE,45.040278,-113.916389,500,E,ID,2012,2012,FS,FS,1,FS,FS,County & Local,County & Local,Type 3 IC,Type 3 IC,2012_ID-LEX-012127_TENMILE,4,3,4
210,2012_ID-MCS-730_FLYING B,46.213889,-116.121111,600,E,ID,2012,2012,FS,FS,1,FS,FS,State,State,Type 3 IC,Type 3 IC,2012_ID-MCS-730_FLYING B,4,3,4
211,2012_ID-NPF-000221_EAGLE,45.986389,-114.8375,170,D,ID,2012,2012,FS,FS,1,FS,FS,Federal,Federal,NA,Type 4 IC,2012_ID-NPF-000221_EAGLE,5,3,5
212,2012_ID-NPF-000223_BLACKTAIL,46.190833,-115.086111,1117,F,ID,2012,2012,PZ,PZ,1,NFS,NFS,Federal,Federal,Type 4 IC,NA,2012_ID-NPF-000223_BLACKTAIL,NA,13,NA
213,2012_ID-NPF-000227_3 LINKS,46.193889,-115.173056,3250,F,ID,2012,2012,PZ,PZ,1,NFS,NFS,Federal,Federal,Type 4 IC,NA,2012_ID-NPF-000227_3 LINKS,NA,13,NA
214,2012_ID-NPF-000287_DITCH,46.002778,-114.878333,12000,G,ID,2012,2012,PZ,PZ,1,NFS,NFS,Federal,Federal,NA,Type 4 IC,2012_ID-NPF-000287_DITCH,5,10,5
215,2012_ID-NPF-000290_PETTIBONE,46.060833,-114.733056,15569,G,ID,2012,2012,PZ,PZ,1,NFS,NFS,Federal,Federal,NA,NA,2012_ID-NPF-000290_PETTIBONE,NA,15,NA
216,2012_ID-NPF-000355_VISTA,46.1505,-114.931806,10200,G,ID,2012,2012,PZ,PZ,1,NFS,NFS,Federal,Federal,Type 5 IC,Type 4 IC,2012_ID-NPF-000355_VISTA,4,8,4
217,2012_ID-NPF-000355_VISTA,46.1505,-114.931806,10200,G,ID,2012,2012,PZ,PZ,1,NFS,NFS,Federal,Federal,Type 5 IC,Type 4 IC,2012_ID-NPF-000355_VISTA,5,8,5
218,2012_ID-NPF-000368_BALLINGER,46.1115,-115.150306,2159,F,ID,2012,2012,FS,PZ,2,FS,NFS,Federal,Federal,Type 5 IC,NA,2012_ID-NPF-000368_BALLINGER,NA,13,NA
219,2012_ID-NPF-000369_MOOSE  RIDGE,46.060694,-114.946194,1205,F,ID,2012,2012,PZ,PZ,1,NFS,NFS,Federal,Federal,NA,NA,2012_ID-NPF-000369_MOOSE  RIDGE,NA,13,NA
220,2012_ID-NPF-000387_MALLARD,45.536667,-115.278056,206,D,ID,2012,2012,FS,FS,1,FS,FS,Federal,Federal,Type 3 IC,Type 5 IC,2012_ID-NPF-000387_MALLARD,5,6,5
221,2012_ID-NPF-000394_PORCUPINE COMPLEX,45.698056,-115.081111,37069.1,G,ID,2012,2012,PZ,PZ,1,NFS,NFS,Federal,Federal,Type 5 IC,Type 4 IC,2012_ID-NPF-000394_PORCUPINE COMPLEX,5,13,5
222,2012_ID-NPF-000412_MOE,46.070833,-114.533056,10500,G,ID,2012,2012,PZ,PZ,1,NFS,NFS,Federal,Federal,NA,NA,2012_ID-NPF-000412_MOE,NA,13,NA
223,2012_ID-NPF-000420_GRAVE,45.969444,-115.076667,3360,F,ID,2012,2012,PZ,PZ,1,NFS,NFS,Federal,Federal,NA,NA,2012_ID-NPF-000420_GRAVE,NA,6,NA
224,2012_ID-NPF-000426_SQUARE ROCK,45.981389,-115.004444,5221,G,ID,2012,2012,PZ,PZ,1,NFS,NFS,Federal,Federal,NA,NA,2012_ID-NPF-000426_SQUARE ROCK,NA,13,NA
225,2012_ID-NPF-000497_SHASTA LAKE,46.261667,-115.183333,579,E,ID,2012,2012,PZ,PZ,1,NFS,NFS,Federal,Federal,NA,NA,2012_ID-NPF-000497_SHASTA LAKE,NA,10,NA
226,2012_ID-NPF-000565_TROUT PEAK,46.156667,-114.853056,717,E,ID,2012,2012,PZ,PZ,1,NFS,NFS,Federal,Federal,Type 4 IC,Type 4 IC,2012_ID-NPF-000565_TROUT PEAK,5,6,5
227,2012_ID-NPF-000567_BELL POINT,46.230556,-114.749444,1050,F,ID,2012,2012,PZ,PZ,1,NFS,NFS,Federal,Federal,NA,NA,2012_ID-NPF-000567_BELL POINT,NA,5,NA
228,2012_ID-NPF-000652_WEST TROUT,46.16,-114.885556,2325,F,ID,2012,2012,PZ,PZ,1,NFS,NFS,Federal,Federal,Type 4 IC,Type 4 IC,2012_ID-NPF-000652_WEST TROUT,5,5,5
229,2012_ID-NPF-00531_MCGUIRE COMPLEX,45.597222,-115.563889,80748,G,ID,2012,2012,FS,FS,1,FS,FS,Federal,Federal,Type 3 Team,Type 4 IC,2012_ID-NPF-00531_MCGUIRE COMPLEX,1,27,1
230,2012_ID-NPF-136_541,45.785278,-115.118056,375,E,ID,2012,2012,FS,FS,1,FS,FS,Federal,Federal,Type 4 IC,Type 5 IC,2012_ID-NPF-136_541,3,10,3
231,2012_ID-PDS-41005_MICA SLASH,46.875,-116.641667,124,D,ID,2012,2012,FS,FS,1,FS,FS,State,State,Type 3 Team,Type 3 Team,2012_ID-PDS-41005_MICA SLASH,3,3,3
232,2012_ID-SCF-012151_HALSTEAD,44.445833,-115.166389,181948,G,ID,2012,2012,FS,PZ,2,FS,NFS,Federal,Federal,Type 1 Team,Type 4 IC,2012_ID-SCF-012151_HALSTEAD,1,53,1
233,2012_ID-SCF-12190_MUSTANG COMPLEX,45.424722,-114.59,341488,G,ID,2012,2012,PZ,MM,2,NFS,NFS,Federal,Federal,Type 3 IC,Type 4 IC,2012_ID-SCF-12190_MUSTANG COMPLEX,2,27,2
234,2012_ID-SCF-12225_BEAR,44.895556,-114.807222,7100,G,ID,2012,2012,MM,MM,1,NFS,NFS,Federal,Federal,Type 3 IC,NA,2012_ID-SCF-12225_BEAR,4,6,4
235,2012_ID-SCF-12234_BENCH,44.301389,-115.219167,220,D,ID,2012,2012,FS,FS,1,FS,FS,Federal,Federal,Type 1 Team,Type 1 Team,2012_ID-SCF-12234_BENCH,1,7,1
236,2012_ID-SCF-12237_MERINO,44.653333,-114.87,7863,G,ID,2012,2012,MM,MM,1,NFS,NFS,Federal,Federal,Type 3 IC,NA,2012_ID-SCF-12237_MERINO,4,5,4
237,2012_ID-SIS-000001_C FIRE,44.719444,-115.873333,110,D,ID,2012,2012,FS,FS,1,FS,FS,State,State,Type 2 Team,Type 4 IC,2012_ID-SIS-000001_C FIRE,2,3,2
238,2012_ID-SIS-000001_C FIRE,44.719444,-115.873333,110,D,ID,2012,2012,FS,FS,1,FS,FS,State,State,Type 2 Team,Type 4 IC,2012_ID-SIS-000001_C FIRE,5,3,5
239,2012_ID-STF-000474_ENCLOSURE,43.586389,-114.533056,350,E,ID,2012,2012,FS,FS,1,FS,FS,Federal,Federal,Type 3 IC,Type 4 IC,2012_ID-STF-000474_ENCLOSURE,4,4,4
240,2012_ID-SWS-000452_AVELENE,43.727222,-115.964167,403,E,ID,2012,2012,FS,FS,1,FS,FS,State,State,Type 3 IC,Type 3 IC,2012_ID-SWS-000452_AVELENE,4,4,4
241,2012_ID-SWS-000932_KARNEY,43.663333,-116.033056,440,E,ID,2012,2012,FS,FS,1,FS,FS,State,State,Type 3 IC,Type 4 IC,2012_ID-SWS-000932_KARNEY,2,7,2
242,2012_MT-BDF-000005_BEAR TRAP,45.5375,-111.589167,104,D,MT,2012,2012,MM,MM,1,NFS,NFS,Federal,Federal,Type 4 IC,Type 4 IC,2012_MT-BDF-000005_BEAR TRAP,5,4,5
243,2012_MT-BDF-000018_PONY,45.667778,-111.951667,6400,G,MT,2012,2012,FS,FS,1,FS,FS,Federal,Federal,Type 2 Team,Type 2 Team,2012_MT-BDF-000018_PONY,2,13,2
244,2012_MT-BDF-000020_BEAR TRAP 2,45.613056,-111.555,15341,G,MT,2012,2012,FS,FS,1,FS,FS,Federal,Federal,NA,Type 4 IC,2012_MT-BDF-000020_BEAR TRAP 2,2,6,2
245,2012_MT-BDF-017_ANTELOPE LANE,46.012778,-112.0675,707,E,MT,2012,2012,FS,FS,1,FS,FS,Federal,Federal,Unified Command,Type 2 Team,2012_MT-BDF-017_ANTELOPE LANE,2,8,2
246,2012_MT-BRF-005432_CHRANDAL CREEK,45.561389,-114.220833,2562,F,MT,2012,2012,FS,FS,1,FS,FS,Federal,Federal,Type 2 Team,Type 3 Team,2012_MT-BRF-005432_CHRANDAL CREEK,2,28,2
247,2012_MT-BRF-005499_SALAMANDER,45.657222,-114.874444,2500,F,MT,2012,2012,PZ,PZ,1,NFS,NFS,Federal,Federal,Type 4 IC,Type 4 IC,2012_MT-BRF-005499_SALAMANDER,5,8,5
248,2012_MT-BRF-005512_HAMILTON,45.781389,-114.892222,6108,G,MT,2012,2012,PZ,PZ,1,NFS,NFS,Federal,Federal,Type 4 IC,Type 4 IC,2012_MT-BRF-005512_HAMILTON,5,6,5
249,2012_MT-BRF-005516_INDIAN RIDGE,45.781111,-114.740278,2000,F,MT,2012,2012,PZ,PZ,1,NFS,NFS,Federal,Federal,Type 4 IC,Type 4 IC,2012_MT-BRF-005516_INDIAN RIDGE,5,12,5
250,2012_MT-BRF-005526_BURNT STRIP,45.846944,-114.629722,3570,F,MT,2012,2012,PZ,PZ,1,NFS,NFS,Federal,Federal,Type 4 IC,Type 4 IC,2012_MT-BRF-005526_BURNT STRIP,5,12,5
251,2012_MT-BRF-005527_CABIN SPRING,45.544722,-114.961111,7863,G,MT,2012,2012,PZ,PZ,1,NFS,NFS,Federal,Federal,Type 4 IC,Type 1 IC,2012_MT-BRF-005527_CABIN SPRING,5,3,5
252,2012_MT-BRF-005529_GREEN MOUNTAIN,45.826667,-114.684444,2968,F,MT,2012,2012,PZ,PZ,1,NFS,NFS,Federal,Federal,SOPL,Type 4 IC,2012_MT-BRF-005529_GREEN MOUNTAIN,5,6,5
253,2012_MT-BRF-005530_WATCHTOWER LAKE,45.856667,-114.505,1090,F,MT,2012,2012,PZ,PZ,1,NFS,NFS,Federal,Federal,SOPL,Type 4 IC,2012_MT-BRF-005530_WATCHTOWER LAKE,5,6,5
254,2012_MT-BRF-005535_BEAVER JACK,45.761667,-114.671667,2408,F,MT,2012,2012,PZ,PZ,1,NFS,NFS,Federal,Federal,SOPL,SOPL,2012_MT-BRF-005535_BEAVER JACK,5,6,5
255,2012_MT-BRF-005548_COUGAR,45.805556,-114.58,4740,F,MT,2012,2012,PZ,PZ,1,NFS,NFS,Federal,Federal,Type 3 IC,SOPL,2012_MT-BRF-005548_COUGAR,4,5,4
256,2012_MT-BRF-005563_SAWTOOTH,46.228333,-114.307778,6300,G,MT,2012,2012,PZ,PZ,2,NFS,NFS,Federal,Federal,Type 4 IC,Type 4 IC,2012_MT-BRF-005563_SAWTOOTH,2,11,2
257,2012_MT-CES-000032_CORRAL,46.658056,-112.057778,1851,F,MT,2012,2012,FS,FS,1,FS,FS,State,State,Type 3 IC,Type 4 IC,2012_MT-CES-000032_CORRAL,4,6,4
258,2012_MT-CES-000122_NINETEEN MILE,45.838611,-112.343889,4160,F,MT,2012,2012,FS,FS,1,FS,FS,State,State,Type 2 Team,Type 3 IC,2012_MT-CES-000122_NINETEEN MILE,2,8,2
259,2012_MT-CES-000417_BYWAY,45.761111,-112.983333,375,E,MT,2012,2012,FS,FS,1,FS,FS,State,State,Unified Command,Unified Command,2012_MT-CES-000417_BYWAY,12,4,12
260,2012_MT-CES-000515_PINE CREEK,45.496944,-110.566667,12000,G,MT,2012,2012,FS,PZ,2,FS,NFS,State,State,Type 3 IC,Type 4 IC,2012_MT-CES-000515_PINE CREEK,1,9,1
261,2012_MT-CES-0062_MISSION ROAD,47.241667,-112.0075,3250,F,MT,2012,2012,FS,FS,1,FS,FS,State,State,Type 3 Team,Type 3 Team,2012_MT-CES-0062_MISSION ROAD,3,7,3
262,2012_MT-CES-038_INDIAN CREEK,46.333889,-111.5875,700,E,MT,2012,2012,FS,FS,1,FS,FS,State,State,Type 3 IC,Type 4 IC,2012_MT-CES-038_INDIAN CREEK,5,2,5
263,2012_MT-CES-519_BEAN CANYON,46.179167,-111.269722,4325,F,MT,2012,2012,FS,FS,1,FS,FS,State,State,Type 3 IC,Type 3 IC,2012_MT-CES-519_BEAN CANYON,4,7,4
264,2012_MT-FHA-0123_WEST GARCEAU,47.702778,-114.493889,9863,G,MT,2012,2012,FS,FS,1,FS,FS,Federal,Federal,Type 3 Team,Type 3 Team,2012_MT-FHA-0123_WEST GARCEAU,2,12,2
265,2012_MT-FHA-127_PERMA BRIDGE,47.375278,-114.595833,403,E,MT,2012,2012,FS,FS,1,FS,FS,Federal,Federal,Type 3 IC,Type 3 IC,2012_MT-FHA-127_PERMA BRIDGE,4,5,4
266,2012_MT-FHA-143_WHITE HORSE,47.163611,-113.863611,1212,F,MT,2012,2012,MM,MM,1,NFS,NFS,Federal,Federal,Type 3 IC,Type 3 IC,2012_MT-FHA-143_WHITE HORSE,4,11,4
267,2012_MT-FHA-164_MOLLMAN,47.493611,-113.968056,349,E,MT,2012,2012,MM,MM,1,NFS,NFS,Federal,Federal,Type 3 IC,Type 3 IC,2012_MT-FHA-164_MOLLMAN,4,4,4
268,2012_MT-FNF-000017_CONDON MOUNTAIN,47.600833,-113.667778,5500,G,MT,2012,2012,FS,FS,1,FS,FS,Federal,Federal,Type 3 IC,Type 4 IC,2012_MT-FNF-000017_CONDON MOUNTAIN,3,24,3
269,2012_MT-FNF-000020_PRISONER LAKE,47.530278,-113.149722,4840,F,MT,2012,2012,FS,PZ,2,FS,NFS,Federal,Federal,NA,NA,2012_MT-FNF-000020_PRISONER LAKE,4,17,4
270,2012_MT-FNF-000045_WALL CREEK,47.800639,-113.184139,5011,G,MT,2012,2012,PZ,PZ,1,NFS,NFS,Federal,Federal,Type 4 IC,NA,2012_MT-FNF-000045_WALL CREEK,5,4,5
271,2012_MT-FNF-000045_WALL CREEK,47.800639,-113.184139,5011,G,MT,2012,2012,PZ,PZ,1,NFS,NFS,Federal,Federal,Type 4 IC,NA,2012_MT-FNF-000045_WALL CREEK,NA,4,NA
272,2012_MT-GNF-000144_MILLIE,45.400556,-111.103333,10515,G,MT,2012,2012,FS,PZ,2,FS,NFS,Federal,Federal,Type 3 IC,Type 4 IC,2012_MT-GNF-000144_MILLIE,2,18,2
273,2012_MT-GNP-000004_AVALANCHE,48.658333,-113.8,160,D,MT,2012,2012,FS,FS,1,FS,FS,Federal,Federal,Type 3 IC,Type 4 IC,2012_MT-GNP-000004_AVALANCHE,5,5,5
274,2012_MT-HNF-069_EAST FORK,47.094722,-112.805833,4700,F,MT,2012,2012,CC,CC,1,NFS,NFS,Federal,Federal,Type 3 IC,Type 3 IC,2012_MT-HNF-069_EAST FORK,4,14,4
275,2012_MT-LCF-002085_ELBOW PASS COMPLEX,47.409167,-112.868889,26128,G,MT,2012,2012,FS,PZ,3,FS,NFS,Federal,Federal,Type 3 Team,Type 4 IC,2012_MT-LCF-002085_ELBOW PASS COMPLEX,3,17,3
276,2012_MT-LCF-002089_GOBLIN GULCH,47.033611,-110.932778,283,D,MT,2012,2012,PZ,PZ,2,NFS,NFS,Federal,Federal,Type 3 IC,Type 4 IC,2012_MT-LCF-002089_GOBLIN GULCH,4,6,4
277,2012_MT-LNF-000808_FALLS POINT,47.219722,-112.908889,380,E,MT,2012,2012,PZ,PZ,1,NFS,NFS,Federal,Federal,Type 4 IC,Type 3 IC,2012_MT-LNF-000808_FALLS POINT,4,14,4
278,2012_MT-LNF-001048_MEADOW CREEK,47.0675,-112.868889,224,D,MT,2012,2012,FS,FS,1,FS,FS,Federal,Federal,Type 3 IC,Type 4 IC,2012_MT-LNF-001048_MEADOW CREEK,4,9,4
279,2012_MT-LNF-001236_WEDGE CREEK,47.211111,-113.111667,2003,F,MT,2012,2012,PZ,PZ,1,NFS,NFS,Federal,Federal,Type 3 IC,Type 4 IC,2012_MT-LNF-001236_WEDGE CREEK,4,49,4
280,2012_MT-NWS-000421_BLACK TAIL RIDGE,47.403611,-114.913333,306,E,MT,2012,2012,FS,FS,1,FS,FS,State,State,Type 3 IC,Type 3 Team,2012_MT-NWS-000421_BLACK TAIL RIDGE,2,7,2
281,2012_MT-SWS-000064_FELAN GULCH,46.752778,-113.366667,170,D,MT,2012,2012,FS,FS,1,FS,FS,State,State,Type 2 Team,Type 2 Team,2012_MT-SWS-000064_FELAN GULCH,2,9,2
282,2012_MT-SWS-000438_ELEVATION MOUNTAIN,46.844444,-113.232778,885,E,MT,2012,2012,FS,FS,1,FS,FS,State,State,Type 3 IC,Type 3 IC,2012_MT-SWS-000438_ELEVATION MOUNTAIN,2,17,2
283,2012_MT-SWS-000801_DALTON,46.920556,-112.680833,440,E,MT,2012,2012,FS,FS,1,FS,FS,State,State,Type 3 IC,Type 5 IC,2012_MT-SWS-000801_DALTON,4,2,4
284,2012_WA-COA-000183_MANILA CREEK COMPLEX,48.041944,-118.779167,1662,F,WA,2012,2012,FS,FS,1,FS,FS,Federal,Federal,Type 2 Team,Type 2 Team,2012_WA-COA-000183_MANILA CREEK COMPLEX,2,5,2
285,2012_WA-COA-048_METEOR,48.275278,-118.281111,1003,F,WA,2012,2012,FS,FS,1,FS,FS,Federal,Federal,Type 4 IC,Type 4 IC,2012_WA-COA-048_METEOR,5,1,5
286,2012_WA-COF-0001010_RADIO,48.976944,-118.234722,191,D,WA,2012,2012,CC,CC,1,NFS,NFS,Federal,Federal,Type 3 IC,Type 4 IC,2012_WA-COF-0001010_RADIO,5,3,5
287,2012_WY-BHF-000520_GILEAD,44.4325,-106.959167,8189,G,WY,2012,2012,PZ,PZ,1,NFS,NFS,Federal,Federal,Type 4 IC,Type 4 IC,2012_WY-BHF-000520_GILEAD,3,24,3
288,2012_WY-BTF-000005_BEAR CUB,43.88,-110.024167,6501,G,WY,2012,2012,FS,CC,3,FS,NFS,Federal,Federal,Type 3 Team,Type 4 IC,2012_WY-BTF-000005_BEAR CUB,5,16,5
289,2012_WY-BTF-000006_FONTENELLE,42.435417,-110.620556,65220,G,WY,2012,2012,FS,FS,1,FS,FS,Federal,Federal,Type 3 Team,Type 4 IC,2012_WY-BTF-000006_FONTENELLE,5,20,5
290,2012_WY-BTF-000017_BUTTE CREEK,44.113056,-109.811667,6501,G,WY,2012,2012,MM,MM,1,NFS,NFS,Federal,Federal,Type 3 Team,Type 4 IC,2012_WY-BTF-000017_BUTTE CREEK,5,9,5
291,2012_WY-BTF-000028_NORTH BUFFALO,43.925556,-110.211111,29950,G,WY,2012,2012,CC,CC,1,NFS,NFS,Federal,Federal,Type 3 IC,Type 4 IC,2012_WY-BTF-000028_NORTH BUFFALO,3,12,3
292,2012_WY-BTF-000028_NORTH BUFFALO,43.925556,-110.211111,29950,G,WY,2012,2012,CC,CC,1,NFS,NFS,Federal,Federal,Type 3 IC,Type 4 IC,2012_WY-BTF-000028_NORTH BUFFALO,5,12,5
293,2012_WY-BTF-000039_CHALL CREEK,43.018611,-110.420833,688,E,WY,2012,2012,FS,FS,1,FS,FS,Federal,Federal,Type 3 IC,Type 5 IC,2012_WY-BTF-000039_CHALL CREEK,4,10,4
294,2012_WY-CPS-12137_OIL CREEK,43.896944,-104.294444,62318,G,WY,2012,2012,FS,FS,1,FS,FS,State,State,Unified Command,Type 3 Team,2012_WY-CPS-12137_OIL CREEK,2,7,2
295,2012_WY-CRX-120509_GHOST,44.338889,-104.5675,1508,F,WY,2012,2012,FS,FS,1,FS,FS,County & Local,County & Local,Type 3 Team,Type 3 Team,2012_WY-CRX-120509_GHOST,3,3,3
296,2012_WY-SHF-219_INDEX CREEK,44.989167,-109.853333,223,D,WY,2012,2012,FS,CC,2,FS,NFS,Federal,Federal,Type 4 IC,NA,2012_WY-SHF-219_INDEX CREEK,4,6,4
297,2012_WY-TDX-000002_HORSETHIEF CANYON,43.399444,-110.757778,3373,F,WY,2012,2012,FS,FS,1,FS,FS,County & Local,County & Local,Type 2 Team,Type 5 IC,2012_WY-TDX-000002_HORSETHIEF CANYON,2,16,2
298,2012_WY-WRA-490_ALPINE LAKE,43.066667,-109.451111,46659,G,WY,2012,2012,MM,CC,2,NFS,NFS,Federal,Federal,Type 4 IC,Type 4 IC,2012_WY-WRA-490_ALPINE LAKE,5,18,5
299,2012_WY-WYS-12070_SKULL CREEK COMPLEX,44.076111,-104.349444,21200,G,WY,2012,2012,FS,FS,1,FS,FS,State,State,Type 3 IC,Type 3 IC,2012_WY-WYS-12070_SKULL CREEK COMPLEX,4,9,4
300,2012_WY-YNP-G5SC_CYGNET COMPLEX,44.667222,-110.638333,5580,G,WY,2012,2012,MM,PZ,2,NFS,NFS,Federal,Federal,Type 3 Team,NA,2012_WY-YNP-G5SC_CYGNET COMPLEX,3,25,3
301,2013_ID-BOD-000339_TURNER,43.5225,-116.034167,595,E,ID,2013,2013,FS,FS,1,FS,FS,Federal,Interagency,Type 3 IC,Type 3 IC,2013_ID-BOD-000339_TURNER,4,4,4
302,2013_ID-BOD-000996_HILL TOP,43.556389,-116.043333,990,E,ID,2013,2013,FS,FS,1,FS,FS,Federal,Federal,Type 3 IC,Type 3 IC,2013_ID-BOD-000996_HILL TOP,4,3,4
303,2013_ID-BOF-000422_FRAISER,44.094722,-116.043333,257,D,ID,2013,2013,FS,FS,1,FS,FS,Federal,Federal,Type 3 IC,Type 3 IC,2013_ID-BOF-000422_FRAISER,4,3,4
304,2013_ID-BOF-000482_RIDGE,44.236111,-115.401111,5793,G,ID,2013,2013,FS,FS,1,FS,FS,Federal,Federal,Type 2 Team,Type 4 IC,2013_ID-BOF-000482_RIDGE,2,18,2
305,2013_ID-BOF-001053_ELK COMPLEX,43.339722,-115.499722,131258,G,ID,2013,2013,FS,FS,1,FS,FS,Federal,Federal,Type 1 Team,Type 4 IC,2013_ID-BOF-001053_ELK COMPLEX,12,10,12
306,2013_ID-BOF-001092_PLACER,43.768333,-115.821944,108,D,ID,2013,2013,FS,FS,1,FS,FS,Federal,State,Type 3 IC,Type 3 IC,2013_ID-BOF-001092_PLACER,4,5,4
307,2013_ID-BOF-001112_NORTH FORK,44.448333,-115.640556,370,E,ID,2013,2013,FS,FS,1,FS,FS,Federal,Federal,Type 3 IC,Type 4 IC,2013_ID-BOF-001112_NORTH FORK,4,7,4
308,2013_ID-BOF-001151_HIGHLAND,43.576667,-116.016389,600,E,ID,2013,2013,FS,FS,1,FS,FS,Interagency,Interagency,Type 3 IC,Type 4 IC,2013_ID-BOF-001151_HIGHLAND,4,2,4
309,2013_ID-BOF-001151_HIGHLAND,43.576667,-116.016389,600,E,ID,2013,2013,FS,FS,1,FS,FS,Interagency,Interagency,Type 3 IC,Type 4 IC,2013_ID-BOF-001151_HIGHLAND,5,2,5
310,2013_ID-CMS-000803_TRIUMPH LANE,46.425556,-116.643889,675,E,ID,2013,2013,FS,FS,1,FS,FS,State,State,Type 3 IC,Type 3 IC,2013_ID-CMS-000803_TRIUMPH LANE,4,5,4
311,2013_ID-CTS-000788_INCENDIARY CREEK,46.336944,-116.026944,1100,F,ID,2013,2013,FS,FS,1,FS,FS,State,State,Type 4 IC,NA,2013_ID-CTS-000788_INCENDIARY CREEK,2,15,2
312,2013_ID-CWF-000508_ROCK CREEK,46.783611,-115.451389,342,E,ID,2013,2013,MM,MM,1,NFS,NFS,Federal,Federal,Type 4 IC,Type 4 IC,2013_ID-CWF-000508_ROCK CREEK,5,9,5
313,2013_ID-CWF-000721_FLAT CREEK,46.735278,-115.505,640,E,ID,2013,2013,MM,MM,1,NFS,NFS,Federal,Federal,NA,SOPL,2013_ID-CWF-000721_FLAT CREEK,13,10,13
314,2013_ID-CWF-000723_FIRE CREEK COMPLEX,46.213333,-115.41,213,D,ID,2013,2013,MM,MM,1,NFS,NFS,Federal,Federal,SOPL,Type 3 IC,2013_ID-CWF-000723_FIRE CREEK COMPLEX,4,6,4
315,2013_ID-CWF-000907_SIAH,46.517581,-114.466333,425,E,ID,2013,2013,MM,MM,1,NFS,NFS,Federal,Federal,Type 4 IC,Type 4 IC,2013_ID-CWF-000907_SIAH,5,6,5
316,2013_ID-IPF-004005_CRESCENDO,46.948333,-115.755833,1100,F,ID,2013,2013,FS,FS,1,FS,FS,Federal,Federal,Type 3 Team,Type 5 IC,2013_ID-IPF-004005_CRESCENDO,3,18,3
317,2013_ID-IPF-004011_BEAN,47.015556,-115.2375,410,E,ID,2013,2013,MM,MM,1,NFS,NFS,Federal,Federal,Type 4 IC,Type 5 IC,2013_ID-IPF-004011_BEAN,5,6,5
318,2013_ID-IPF-004015_MALLARD,46.957778,-115.531389,169,D,ID,2013,2013,MM,MM,1,NFS,NFS,Federal,Federal,Type 4 IC,Type 5 IC,2013_ID-IPF-004015_MALLARD,6,4,6
319,2013_ID-MCS-000238_PARDEE,46.300833,-116.124167,309,E,ID,2013,2013,FS,FS,1,FS,FS,NA,NA,Type 3 IC,Type 3 IC,2013_ID-MCS-000238_PARDEE,4,5,4
320,2013_ID-MCS-000834_07,46.133889,-115.791389,440,E,ID,2013,2013,FS,FS,1,FS,FS,State,State,Type 3 Team,Type 3 Team,2013_ID-MCS-000834_07,3,6,3
321,2013_ID-NPF--000580_CENTER,45.572222,-114.995278,1595,F,ID,2013,2013,MM,MM,1,NFS,NFS,Federal,Federal,Type 4 IC,Type 4 IC,2013_ID-NPF--000580_CENTER,5,5,5
322,2013_ID-NPF-000293_ROUGH CREEK,45.4025,-116.214167,2600,F,ID,2013,2013,FS,FS,1,FS,FS,Federal,Federal,Type 3 IC,Type 4 IC,2013_ID-NPF-000293_ROUGH CREEK,2,7,2
323,2013_ID-NPF-000347_CALIFORNIA POINT,46.330556,-144.991944,7294,G,ID,2013,2013,MM,MM,1,NFS,NFS,Federal,Federal,SOPL,SOPL,2013_ID-NPF-000347_CALIFORNIA POINT,13,17,13
324,2013_ID-NPF-000352_MOOSE,46.289167,-114.9475,121,D,ID,2013,2013,MM,MM,1,NFS,NFS,Federal,Federal,NA,SOPL,2013_ID-NPF-000352_MOOSE,13,8,13
325,2013_ID-NPF-000674_WAR EAGLE,45.503333,-115.638333,118,D,ID,2013,2013,MM,MM,1,NFS,NFS,Federal,Federal,SOPL,SOPL,2013_ID-NPF-000674_WAR EAGLE,13,9,13
326,2013_ID-NPF-000706_LAKE COMPLEX,45.627222,-115.065556,7275.3,G,ID,2013,2013,MM,MM,1,NFS,NFS,Federal,Federal,SOPL,SOPL,2013_ID-NPF-000706_LAKE COMPLEX,13,13,13
327,2013_ID-NPF-1206_T BONE,45.476389,-115.785,210,D,ID,2013,2013,PZ,PZ,1,NFS,NFS,Federal,Federal,Type 4 IC,Type 4 IC,2013_ID-NPF-1206_T BONE,5,2,5
328,2013_ID-NPF-311_BAILEY,46.266389,-114.891667,1636,F,ID,2013,2013,MM,MM,1,NFS,NFS,Federal,Federal,NA,SOPL,2013_ID-NPF-311_BAILEY,13,9,13
329,2013_ID-NPF-594_PETTIBONE,46.098889,-114.7375,242,D,ID,2013,2013,MM,MM,1,NFS,NFS,Federal,Federal,NA,SOPL,2013_ID-NPF-594_PETTIBONE,NA,5,NA
330,2013_ID-NPF-621_DISGRACE,45.906389,-115.1875,295,D,ID,2013,2013,MM,MM,1,NFS,NFS,Federal,Federal,NA,NA,2013_ID-NPF-621_DISGRACE,NA,8,NA
331,2013_ID-NPF-668_GARDINER,45.989444,-114.733333,332,E,ID,2013,2013,MM,MM,1,NFS,NFS,Federal,Federal,SOPL,SOPL,2013_ID-NPF-668_GARDINER,13,7,13
332,2013_ID-PAF-013040_THUNDER CITY,44.978889,-115.258056,13500,G,ID,2013,2013,FS,CC,2,FS,NFS,Federal,Federal,Type 2 Team,Type 4 IC,2013_ID-PAF-013040_THUNDER CITY,3,40,3
333,2013_ID-PAF-013061_TRAIL POINT,45.478611,-115.210278,300,E,ID,2013,2013,MM,MM,1,NFS,NFS,Federal,Federal,Type 4 IC,Type 4 IC,2013_ID-PAF-013061_TRAIL POINT,5,10,5
334,2013_ID-PAF-013062_SILVER,45.232778,-115.130556,1750,F,ID,2013,2013,MM,MM,1,NFS,NFS,Federal,Federal,Type 4 IC,Type 4 IC,2013_ID-PAF-013062_SILVER,5,10,5
335,2013_ID-PAF-013065_HOWARD,44.378889,-116.104722,195,D,ID,2013,2013,FS,FS,1,FS,FS,Federal,Federal,Type 3 IC,Type 4 IC,2013_ID-PAF-013065_HOWARD,4,9,4
336,2013_ID-PAF-013085_COXEY,45.146667,-115.042778,900,E,ID,2013,2013,PZ,PZ,1,NFS,NFS,Federal,Federal,Type 4 IC,Type 4 IC,2013_ID-PAF-013085_COXEY,5,8,5
337,2013_ID-PDS-041006_BOYER,46.508611,-116.549722,210,D,ID,2013,2013,FS,FS,1,FS,FS,State,State,Type 3 Team,Type 3 Team,2013_ID-PDS-041006_BOYER,3,3,3
338,2013_ID-SCF-013331_NEZ PERCE,45.580833,-113.833056,320,E,ID,2013,2013,PZ,PZ,1,NFS,NFS,Federal,Federal,Type 3 IC,NA,2013_ID-SCF-013331_NEZ PERCE,4,4,4
339,2013_ID-SCF-13110_BIRCH,45.255278,-114.323889,400,E,ID,2013,2013,FS,FS,1,FS,FS,Federal,Federal,Type 3 IC,Type 3 IC,2013_ID-SCF-13110_BIRCH,4,5,4
340,2013_ID-SCF-13120_PAPOOSE,45.199722,-114.741111,9511,G,ID,2013,2013,PZ,PZ,1,NFS,NFS,Federal,Federal,Type 4 IC,Type 4 IC,2013_ID-SCF-13120_PAPOOSE,4,7,4
341,2013_ID-SCF-13165_LODGEPOLE,44.528333,-114.4575,22856,G,ID,2013,2013,FS,FS,1,FS,FS,Federal,Federal,Type 2 Team,Type 4 IC,2013_ID-SCF-13165_LODGEPOLE,2,25,2
342,2013_ID-SCF-13166_BRADLEY,44.395,-115.138056,250,D,ID,2013,2013,FS,FS,1,FS,FS,Federal,Federal,Type 3 IC,Type 3 IC,2013_ID-SCF-13166_BRADLEY,4,2,4
343,2013_ID-STF-000181_LEGGIT,43.799167,-115.0575,1167,F,ID,2013,2013,MM,MM,1,NFS,NFS,Federal,Federal,Type 3 IC,Type 4 IC,2013_ID-STF-000181_LEGGIT,4,8,4
344,2013_ID-STF-000181_LEGGIT,43.799167,-115.0575,1167,F,ID,2013,2013,MM,MM,1,NFS,NFS,Federal,Federal,Type 3 IC,Type 4 IC,2013_ID-STF-000181_LEGGIT,5,8,5
345,2013_ID-STF-000261_210 ROAD,44.165278,-114.899722,300,E,ID,2013,2013,FS,FS,1,FS,FS,Federal,Federal,Type 3 IC,Type 4 IC,2013_ID-STF-000261_210 ROAD,4,12,4
346,2013_ID-STF-000389_LITTLE QUEENS,43.883333,-115.183056,26500,G,ID,2013,2013,MM,CC,3,NFS,NFS,Federal,Federal,Type 3 IC,Type 4 IC,2013_ID-STF-000389_LITTLE QUEENS,5,13,5
347,2013_ID-STF-000423_KELLEY,43.556944,-115.099722,17346,G,ID,2013,2013,FS,FS,1,FS,FS,Federal,Federal,Type 3 IC,Type 4 IC,2013_ID-STF-000423_KELLEY,5,16,5
348,2013_ID-SWS-000471_PINE CREEK,43.786111,-116.025,2797,F,ID,2013,2013,FS,FS,1,FS,FS,State,Federal,Type 3 IC,Type 3 IC,2013_ID-SWS-000471_PINE CREEK,2,10,2
349,2013_ID-SWS-000486_SUMMIT,43.986389,-115.713333,370,E,ID,2013,2013,FS,FS,1,FS,FS,Federal,Federal,Type 2 Team,Type 2 Team,2013_ID-SWS-000486_SUMMIT,2,4,2
350,2013_ID-TFD-000336_MCCAN,43.420278,-114.852222,23860,G,ID,2013,2013,FS,FS,1,FS,FS,Federal,Federal,Type 2 Team,Type 4 IC,2013_ID-TFD-000336_MCCAN,2,12,2
351,2013_ID-TFD-000337_BEAVER CREEK,43.457222,-114.549722,111490,G,ID,2013,2013,FS,FS,1,FS,FS,Federal,Federal,Type 3 IC,Type 3 Team,2013_ID-TFD-000337_BEAVER CREEK,1,17,1
352,2013_MT-BDF-0000118_MOOSE MEADOWS,46.076944,-113.637778,3500,F,MT,2013,2013,FS,FS,1,FS,FS,Federal,Federal,Type 3 IC,Type 4 IC,2013_MT-BDF-0000118_MOOSE MEADOWS,2,19,2
353,2013_MT-BDF-000160_INDIAN CREEK,45.523611,-112.139167,150,D,MT,2013,2013,FS,FS,1,FS,FS,Federal,Federal,Type 3 IC,Type 4 IC,2013_MT-BDF-000160_INDIAN CREEK,4,4,4
354,2013_MT-BDF-000181_EUREKA,44.823889,-111.893611,6600,G,MT,2013,2013,FS,FS,1,FS,FS,Federal,Federal,Type 3 IC,Type 4 IC,2013_MT-BDF-000181_EUREKA,2,21,2
355,2013_MT-BDF-000258_HELLS CANYON,45.703611,-112.431944,150,D,MT,2013,2013,FS,FS,1,FS,FS,Federal,Federal,Type 3 IC,Type 5 IC,2013_MT-BDF-000258_HELLS CANYON,4,4,4
356,2013_MT-BRF-13039_GOLD PAN COMPLEX,45.656944,-114.779722,43429,G,MT,2013,2013,PZ,PZ,2,NFS,NFS,Federal,Federal,Type 3 IC,Type 4 IC,2013_MT-BRF-13039_GOLD PAN COMPLEX,1,27,1
357,2013_MT-CNF-13472_ROCK CREEK,45.117778,-109.300556,950,E,MT,2013,2013,FS,FS,1,FS,FS,Federal,Federal,Type 3 Team,Type 4 IC,2013_MT-CNF-13472_ROCK CREEK,2,14,2
358,2013_MT-FHA-075_MISSION FALLS,47.339444,-113.930833,103,D,MT,2013,2013,MM,CC,2,NFS,NFS,Federal,Federal,Type 3 IC,Type 3 IC,2013_MT-FHA-075_MISSION FALLS,4,6,4
359,2013_MT-FHA-084_FIRESTONE,47.178889,-113.975278,1750,F,MT,2013,2013,FS,FS,1,FS,FS,Federal,Federal,Type 3 Team,Type 3 IC,2013_MT-FHA-084_FIRESTONE,2,5,2
360,2013_MT-FHA-112_FERRY BASIN,47.4225,-114.405833,171,D,MT,2013,2013,FS,FS,1,FS,FS,Federal,Federal,Type 3 IC,Type 3 IC,2013_MT-FHA-112_FERRY BASIN,4,3,4
361,2013_MT-FHA-163_IRVINE FLATS 1,47.679167,-114.269444,392,E,MT,2013,2013,FS,FS,1,FS,FS,Federal,Federal,Type 3 IC,Type 3 IC,2013_MT-FHA-163_IRVINE FLATS 1,4,5,4
362,2013_MT-FNF-000028_SNOW CREEK,47.691944,-113.396111,212,D,MT,2013,2013,PZ,PZ,1,NFS,NFS,Federal,Federal,Type 4 IC,NA,2013_MT-FNF-000028_SNOW CREEK,5,4,5
363,2013_MT-FNF-000030_DAMNATION,47.675,-113.333056,8246,G,MT,2013,2013,PZ,PZ,1,NFS,NFS,Federal,Federal,Type 4 IC,NA,2013_MT-FNF-000030_DAMNATION,4,4,4
364,2013_MT-FNF-000030_DAMNATION,47.675,-113.333056,8246,G,MT,2013,2013,PZ,PZ,1,NFS,NFS,Federal,Federal,Type 4 IC,NA,2013_MT-FNF-000030_DAMNATION,5,4,5
365,2013_MT-FNF-000039_STONER CREEK,48.016944,-114.278611,105,D,MT,2013,2013,FS,FS,1,FS,FS,Federal,Federal,Type 3 IC,Type 3 IC,2013_MT-FNF-000039_STONER CREEK,4,4,4
366,2013_MT-GNF-000050_EMIGRANT,45.248889,-110.731111,626,E,MT,2013,2013,FS,FS,1,FS,FS,Federal,Federal,Type 3 Team,Type 3 Team,2013_MT-GNF-000050_EMIGRANT,3,25,3
367,2013_MT-GNF-000112_MOUNT TWO TOP,44.582222,-111.229167,173,D,MT,2013,2013,FS,FS,1,FS,FS,Federal,Federal,Type 3 IC,Type 4 IC,2013_MT-GNF-000112_MOUNT TWO TOP,4,7,4
368,2013_MT-GNF-0111_MINER PARADISE COMPLEX,45.480556,-110.895278,11982,G,MT,2013,2013,CC,FS,2,NFS,FS,Federal,Federal,Type 2 Team,Type 3 Team,2013_MT-GNF-0111_MINER PARADISE COMPLEX,2,28,2
369,2013_MT-HNF-000023_COPPER CITY,45.990556,-111.545833,390,E,MT,2013,2013,FS,FS,1,FS,FS,Federal,Federal,Type 4 IC,Type 4 IC,2013_MT-HNF-000023_COPPER CITY,5,2,5
370,2013_MT-HNF-00014_SWEATS COMPLEX,46.796667,-111.776667,457,E,MT,2013,2013,FS,FS,1,FS,FS,Federal,Federal,Type 4 IC,Type 4 IC,2013_MT-HNF-00014_SWEATS COMPLEX,4,4,4
371,2013_MT-LCF-003037_RED SHALE,47.803889,-113.009444,12400,G,MT,2013,2013,PZ,PZ,1,NFS,NFS,Federal,Federal,Type 4 IC,Type 4 IC,2013_MT-LCF-003037_RED SHALE,5,19,5
372,2013_MT-LCF-003067_ROCK CREEK,47.730833,-113.133611,600,E,MT,2013,2013,PZ,PZ,1,NFS,NFS,Federal,Federal,Type 4 IC,Type 4 IC,2013_MT-LCF-003067_ROCK CREEK,5,6,5
373,2013_MT-LNF-000425_GOLD CREEK,47.089444,-113.783056,171,D,MT,2013,2013,FS,FS,1,FS,FS,Federal,Federal,Type 3 IC,Type 4 IC,2013_MT-LNF-000425_GOLD CREEK,5,15,5
374,2013_MT-LNF-000758_WEST FORK 2,46.746667,-114.351389,6000,G,MT,2013,2013,FS,FS,1,FS,FS,Federal,Federal,Type 3 IC,Type 3 IC,2013_MT-LNF-000758_WEST FORK 2,4,2,4
375,2013_MT-LNF-000933_HARRY'S FLAT,46.53,-113.763611,596,E,MT,2013,2013,PZ,PZ,1,NFS,NFS,Federal,Federal,Type 4 IC,Type 4 IC,2013_MT-LNF-000933_HARRY'S FLAT,5,15,5
376,2013_MT-LNF-005055_WEST MULLAN,47.214444,-114.942778,6300,G,MT,2013,2013,FS,FS,1,FS,FS,Federal,Federal,Type 2 Team,Type 3 IC,2013_MT-LNF-005055_WEST MULLAN,2,13,2
377,2013_MT-SWS-0000062_NIMROD,46.7,-113.483333,635,E,MT,2013,2013,FS,FS,1,FS,FS,State,State,Type 3 IC,NA,2013_MT-SWS-0000062_NIMROD,2,6,2
378,2013_MT-SWS-000037_MILL CREEK,47.016667,-114.203333,720,E,MT,2013,2013,FS,FS,1,FS,FS,State,State,Unified Command,Type 3 Team,2013_MT-SWS-000037_MILL CREEK,3,6,3
379,2013_MT-SWS-000064_SCHOOLHOUSE,46.772222,-114.251111,1500,F,MT,2013,2013,FS,FS,1,FS,FS,State,State,Type 3 IC,Type 3 IC,2013_MT-SWS-000064_SCHOOLHOUSE,4,2,4
380,2013_MT-SWS-000068_LOLO CREEK COMPLEX,46.7725,-114.250833,10902,G,MT,2013,2013,FS,FS,1,FS,FS,State,State,Unified Command,NA,2013_MT-SWS-000068_LOLO CREEK COMPLEX,12,15,12
381,2013_MT-SWS-000302_RUMSEY GULCH,46.290833,-113.283056,400,E,MT,2013,2013,FS,FS,1,FS,FS,State,State,Type 3 IC,Type 3 IC,2013_MT-SWS-000302_RUMSEY GULCH,4,7,4
382,2013_WA-COA-070_RATTLESNAKE,47.870833,-118.445833,700,E,WA,2013,2013,FS,FS,1,FS,FS,Federal,Federal,Type 3 Team,Type 3 Team,2013_WA-COA-070_RATTLESNAKE,3,3,3
383,2013_WA-COA-2013180_WESTSIDE COMPLEX,48.186944,-119.273889,299,D,WA,2013,2013,FS,FS,1,FS,FS,Federal,Federal,Type 2 Team,Type 2 Team,2013_WA-COA-2013180_WESTSIDE COMPLEX,2,6,2
384,2013_WY-BTF-000019_PACKER CREEK,43.189722,-110.145833,401,E,WY,2013,2013,FS,FS,1,FS,FS,Federal,Federal,Type 4 IC,Type 4 IC,2013_WY-BTF-000019_PACKER CREEK,3,6,3
385,2013_WY-BTF-000019_PACKER CREEK,43.189722,-110.145833,401,E,WY,2013,2013,FS,FS,1,FS,FS,Federal,Federal,Type 4 IC,Type 4 IC,2013_WY-BTF-000019_PACKER CREEK,5,6,5
386,2013_WY-BTF-000020_KENDALL,43.176667,-109.916667,1065,F,WY,2013,2013,MM,CC,2,NFS,NFS,Federal,Federal,NA,Type 4 IC,2013_WY-BTF-000020_KENDALL,5,16,5
387,2013_WY-BTF-000021_GREEN,43.359167,-109.856667,1065,F,WY,2013,2013,CC,CC,1,NFS,NFS,Federal,Federal,NA,Type 5 IC,2013_WY-BTF-000021_GREEN,3,9,3
388,2013_WY-GTP-001355_MOOSE,43.926944,-110.833056,420,E,WY,2013,2013,MM,MM,1,NFS,NFS,Federal,Federal,Type 5 IC,Type 5 IC,2013_WY-GTP-001355_MOOSE,6,11,6
389,2013_WY-SHF-251_HARDLUCK,43.958889,-109.740833,24648,G,WY,2013,2013,CC,CC,1,NFS,NFS,Federal,Federal,Type 4 IC,Type 4 IC,2013_WY-SHF-251_HARDLUCK,4,13,4
390,2013_WY-SHF-259_FAIRFIELD,42.7375,-108.863889,1686,F,WY,2013,2013,FS,FS,1,FS,FS,Federal,Federal,Type 3 IC,Type 4 IC,2013_WY-SHF-259_FAIRFIELD,2,5,2
391,2013_WY-SHF-382_LOST LAKE,44.980833,-109.715,126,D,WY,2013,2013,CC,CC,1,NFS,NFS,Federal,Federal,Type 4 IC,Type 4 IC,2013_WY-SHF-382_LOST LAKE,5,6,5
392,2013_WY-SHF-437_BURROUGHS,43.688333,-109.663333,1794,F,WY,2013,2013,FS,CC,2,FS,NFS,Federal,Federal,Type 3 IC,Type 4 IC,2013_WY-SHF-437_BURROUGHS,3,7,3
393,2013_WY-YNP-001308_SNAKE,44.147222,-110.601389,200,D,WY,2013,2013,PZ,PZ,1,NFS,NFS,Federal,Federal,Type 4 IC,Type 3 IC,2013_WY-YNP-001308_SNAKE,4,6,4
394,2013_WY-YNP-001309_DRUID COMPLEX,44.904667,-110.183833,11935,G,WY,2013,2013,PZ,PZ,1,NFS,NFS,Federal,Federal,Type 3 IC,Area Command,2013_WY-YNP-001309_DRUID COMPLEX,2,11,2
